id,first_name,last_name,email,gender,ip_address,location,interests,time_end,no_clicks,no_likes,test_group,time_on_page
1,Ives,Sheppey,isheppey0@cafepress.com,Male,212.87.187.119,Luntas,,7/27/2024,19,7,A,25
2,Val,Scrammage,vscrammage1@umich.edu,Male,165.115.52.15,Chojnice,,4/9/2024,8,3,A,21
3,Carmelia,Durrance,cdurrance2@amazon.co.jp,Female,206.152.91.174,Shangbahe,,3/19/2024,8,5,B,34
4,Glennis,Grovier,ggrovier3@loc.gov,Female,121.163.201.146,Pulo,,6/21/2024,2,6,B,26
5,Pippy,Jenman,pjenman4@earthlink.net,Female,98.12.142.172,Kedungdoro,,1/19/2024,2,8,B,33
6,Doris,Gullen,dgullen5@china.com.cn,Female,14.127.135.233,Wanshi,,6/29/2024,12,2,A,27
7,Alasteir,Robuchon,arobuchon6@ehow.com,Male,190.182.115.4,Laoxialu,,3/20/2024,6,2,B,29
8,Jorge,Morgue,jmorgue7@oracle.com,Male,217.76.56.53,Mount Darwin,,4/10/2024,11,2,A,36
9,Pietro,Ewer,pewer8@bloomberg.com,Male,112.243.73.12,Manat,,9/26/2023,8,8,A,34
10,Austina,Fairpool,afairpool9@umich.edu,Female,101.210.33.254,Schiedam postbusnummers,,8/21/2024,11,11,B,21
11,Leia,Mardall,lmardalla@wordpress.org,Female,243.49.244.179,Roma,,7/6/2024,14,6,A,27
12,Thorstein,Fenner,tfennerb@apache.org,Male,71.90.27.36,Klokot,,3/30/2024,17,9,A,30
13,Nikolos,Gronow,ngronowc@harvard.edu,Male,143.3.166.161,Natitingou,,4/9/2024,1,5,A,33
14,Barclay,Hendren,bhendrend@alibaba.com,Male,141.76.133.250,Guantian,,8/24/2023,7,4,A,31
15,Lorelle,Higbin,lhigbine@state.tx.us,Genderfluid,27.97.21.227,Wonorejo,,1/6/2024,1,4,A,32
16,Timmie,Enden,tendenf@usnews.com,Female,9.166.2.234,Sambong,,2/20/2024,23,3,A,26
17,Karlis,Colegrove,kcolegroveg@sina.com.cn,Male,184.225.147.119,Boa Vista,,10/26/2023,1,11,B,32
18,Shamus,Andrys,sandrysh@storify.com,Male,233.231.215.98,Quilmaná,,12/14/2023,1,2,A,38
19,Berty,Varden,bvardeni@hc360.com,Female,98.188.244.168,Viraco,,11/3/2023,9,4,A,29
20,Sarajane,McMeanma,smcmeanmaj@smugmug.com,Female,162.237.152.46,Guará,,9/23/2023,4,5,B,40
21,Rubi,Eddoes,reddoesk@samsung.com,Female,208.31.146.106,Aoyang,,11/7/2023,6,5,B,27
22,Dorise,Sigsworth,dsigsworthl@fotki.com,Female,103.132.189.130,Shilong,,9/14/2023,7,8,A,24
23,Porty,Aslie,pasliem@virginia.edu,Non-binary,115.74.71.170,Волочаевское,,1/16/2024,2,1,B,24
24,Tyne,Hext,thextn@globo.com,Female,139.33.181.87,Liulin,,12/23/2023,1,2,B,29
25,Bernita,Langlais,blanglaiso@friendfeed.com,Female,39.190.70.72,Penghua,,11/17/2023,1,10,A,22
26,Buddie,Mellody,bmellodyp@cbc.ca,Polygender,220.2.59.138,Springfield,,10/22/2023,6,4,B,27
27,Lefty,McCarthy,lmccarthyq@webmd.com,Male,176.114.184.196,Cienfuegos,,6/1/2024,8,7,A,28
28,Peter,Cleaves,pcleavesr@columbia.edu,Male,163.127.137.51,Örebro,,9/17/2023,5,5,B,30
29,Linn,Feeney,lfeeneys@loc.gov,Male,108.158.238.255,Eséka,,11/28/2023,7,9,B,34
30,Iolanthe,Mion,imiont@disqus.com,Female,92.24.37.71,Zonghan,,7/23/2024,1,8,B,29
31,Porty,Batten,pbattenu@umich.edu,Male,227.86.33.111,Ruše,,1/29/2024,6,4,A,35
32,Gabriell,Domerc,gdomercv@bbb.org,Genderfluid,48.226.64.58,Takehara,,1/11/2024,11,3,A,20
33,Genvieve,Lerigo,glerigow@samsung.com,Female,25.78.217.141,Nepomuceno,,12/25/2023,4,6,B,20
34,Brianne,Warke,bwarkex@google.cn,Female,186.30.159.171,Stockholm,,1/23/2024,4,9,B,29
35,Mervin,Bleasby,mbleasbyy@phoca.cz,Male,144.198.0.161,Xinghai,,5/22/2024,12,6,A,30
36,Rhys,Silk,rsilkz@cbslocal.com,Male,177.90.132.37,Kolo,,4/27/2024,4,3,B,30
37,Collie,Cuningham,ccuningham10@technorati.com,Female,90.185.130.234,Vedène,,11/13/2023,5,7,B,24
38,Penelopa,Bedford,pbedford11@marketwatch.com,Female,51.95.16.50,Otradnaya,,3/14/2024,9,7,B,20
39,Fredrika,Formie,fformie12@furl.net,Female,178.214.183.18,Quế Sơn,,3/16/2024,9,5,A,31
40,Cesaro,Swetmore,cswetmore13@studiopress.com,Genderqueer,214.219.253.37,Tianfu,,4/8/2024,11,11,A,33
41,Sandor,Caverhill,scaverhill14@gizmodo.com,Male,152.201.42.143,København,,6/20/2024,3,2,B,29
42,Vernor,Riddel,vriddel15@blogger.com,Male,82.200.226.58,Tilang,,1/6/2024,9,8,A,31
43,Nathan,Kob,nkob16@msn.com,Male,251.34.31.120,Bom Sucesso,,5/2/2024,7,6,B,35
44,Cleve,Goney,cgoney17@berkeley.edu,Male,85.65.92.109,Líbano,,5/8/2024,4,6,B,40
45,Fifine,Elfleet,felfleet18@elegantthemes.com,Female,195.214.183.186,Tarko-Sale,,1/24/2024,7,7,A,25
46,Pennie,Revitt,previtt19@ustream.tv,Male,91.18.10.144,Nanjiao,,10/6/2023,18,4,A,29
47,Welch,Tinto,wtinto1a@howstuffworks.com,Polygender,61.235.88.144,Bodĭ,,7/25/2024,3,13,B,22
48,Towney,Haslin,thaslin1b@ebay.co.uk,Male,114.137.253.116,Vesele,,8/1/2024,8,11,A,43
49,Boycie,De Malchar,bdemalchar1c@naver.com,Male,237.217.96.192,HanHuang,,7/22/2024,17,9,A,32
50,Lavinia,Carnock,lcarnock1d@intel.com,Female,74.60.26.205,Carleton-sur-Mer,,2/29/2024,10,1,B,30
51,Etan,McCloud,emccloud1e@abc.net.au,Bigender,247.250.138.215,Cabak Satu,,11/13/2023,2,8,B,36
52,Gardiner,Kemwall,gkemwall1f@tripadvisor.com,Male,93.93.46.145,Wādī as Sīr,,2/10/2024,1,6,A,36
53,Birdie,Chiplin,bchiplin1g@livejournal.com,Female,110.238.112.228,Klina,,6/23/2024,8,2,A,33
54,Farlay,Egerton,fegerton1h@webmd.com,Male,4.102.155.239,Oslo,,1/15/2024,11,4,B,24
55,Earvin,Duffree,eduffree1i@symantec.com,Male,82.64.176.65,Växjö,,1/23/2024,6,6,A,32
56,Ryun,Shepland,rshepland1j@dailymotion.com,Male,178.0.164.128,Pallisa,,3/4/2024,23,6,A,33
57,Romain,Courteney,rcourteney1k@php.net,Male,176.216.105.255,Lampa,,4/18/2024,4,3,A,39
58,Kaitlyn,Calvert,kcalvert1l@salon.com,Female,45.21.51.128,Angkimang,,10/31/2023,9,6,B,25
59,Kurt,Gopsall,kgopsall1m@dyndns.org,Male,108.89.148.230,Feteira Grande,,11/30/2023,15,3,A,25
60,Jillene,Childs,jchilds1n@nps.gov,Female,49.194.238.164,Guarda Nova,,3/6/2024,4,6,B,28
61,Mannie,Swinfen,mswinfen1o@i2i.jp,Male,210.214.185.99,Biwer,,6/23/2024,11,4,A,23
62,Barde,Locarno,blocarno1p@miitbeian.gov.cn,Male,189.186.189.204,Lamawan,,2/20/2024,2,3,B,25
63,Torrie,Bunstone,tbunstone1q@cbsnews.com,Female,57.74.107.237,Kuče,,2/20/2024,5,2,B,34
64,Mariette,Wingate,mwingate1r@pbs.org,Female,148.190.25.166,Alpūrai,,10/15/2023,5,3,B,19
65,Merna,Kolodziej,mkolodziej1s@cyberchimps.com,Female,179.125.91.144,Granada,,5/25/2024,8,11,A,33
66,Eben,Ferronet,eferronet1t@smugmug.com,Male,183.248.176.116,Stockholm,,5/13/2024,5,2,B,43
67,Garret,Rathborne,grathborne1u@dagondesign.com,Male,168.240.143.193,Juncalito Abajo,,6/6/2024,2,3,B,28
68,Mortie,Romme,mromme1v@yellowbook.com,Male,1.58.242.171,Vinnytsya,,12/21/2023,10,7,B,27
69,Waite,Tomasicchio,wtomasicchio1w@google.ca,Male,60.128.182.17,Beijós,,3/5/2024,7,4,B,24
70,Ansel,Goldman,agoldman1x@github.io,Male,103.8.62.10,Tanakbeak Daye,,2/3/2024,7,5,B,21
71,Yvon,Le Marquand,ylemarquand1y@spiegel.de,Bigender,237.9.207.239,Aqqan,,2/3/2024,4,4,A,37
72,Constancia,Grioli,cgrioli1z@mail.ru,Female,19.253.211.193,Karmai,,5/25/2024,7,7,B,30
73,Nell,Scarsbrick,nscarsbrick20@smh.com.au,Female,224.193.34.226,Sūq Şirwāḩ,,9/16/2023,11,4,B,20
74,Javier,Elletson,jelletson21@cdbaby.com,Male,81.245.124.163,Przybiernów,,3/23/2024,13,5,A,37
75,Kayle,Bearward,kbearward22@moonfruit.com,Female,138.85.113.100,Ołpiny,,2/12/2024,7,8,A,28
76,Em,Winscum,ewinscum23@cnn.com,Male,202.9.238.246,Ciseureuheun,,9/11/2023,12,6,B,25
77,Kesley,Petri,kpetri24@amazonaws.com,Female,177.232.229.226,Radišići,,3/28/2024,9,6,A,23
78,Julie,Juanes,jjuanes25@edublogs.org,Female,221.102.113.10,Chadian,,1/7/2024,5,3,B,23
79,Brodie,Penlington,bpenlington26@odnoklassniki.ru,Male,119.229.202.196,Cantagallo,,1/29/2024,1,10,B,31
80,Bjorn,Luipold,bluipold27@usnews.com,Male,48.188.177.127,Tsukawaki,,10/17/2023,7,5,B,35
81,Cecilio,Crosetto,ccrosetto28@vk.com,Male,17.78.248.14,Kabin Buri,,1/19/2024,7,3,B,22
82,Welbie,Hiddy,whiddy29@google.co.uk,Male,110.71.7.197,Kanungu,,10/6/2023,8,4,A,24
83,Birch,Itzcovichch,bitzcovichch2a@archive.org,Male,67.107.250.249,Hetai,,12/19/2023,10,4,B,16
84,Osbourne,Salvidge,osalvidge2b@feedburner.com,Male,188.254.228.195,Tanshan,,7/11/2024,1,2,B,30
85,Kellby,Salzburg,ksalzburg2c@netlog.com,Male,92.243.238.125,Dera Murād Jamāli,,11/20/2023,3,8,B,23
86,Sylas,Mawford,smawford2d@reddit.com,Male,196.62.45.138,Ipirá,,3/16/2024,9,7,A,43
87,Willem,Roffey,wroffey2e@salon.com,Male,121.158.20.83,Kungsör,,2/24/2024,2,3,B,18
88,Chrisy,Skedge,cskedge2f@columbia.edu,Male,196.22.131.204,Chilmāri,,1/23/2024,10,9,A,28
89,Sim,Chilvers,schilvers2g@toplist.cz,Male,184.103.32.213,Stochov,,7/19/2024,8,4,B,18
90,Price,Eltone,peltone2h@theglobeandmail.com,Bigender,86.44.231.57,Tyoply Stan,,5/18/2024,1,5,B,27
91,Ali,Daenen,adaenen2i@yahoo.co.jp,Male,67.130.124.127,Is,,1/27/2024,4,6,B,27
92,Fred,Asty,fasty2j@elegantthemes.com,Female,63.227.245.255,Prostřední Bečva,,9/28/2023,1,4,B,23
93,Fredi,Hourigan,fhourigan2k@cmu.edu,Female,2.19.223.147,Nice,,4/10/2024,1,6,A,27
94,Hesther,Augustin,haugustin2l@goodreads.com,Female,10.182.113.17,Saint-Dizier,,8/20/2024,15,3,A,31
95,Ermin,Apple,eapple2m@google.com,Male,83.12.250.51,Struga,,8/3/2024,3,2,B,30
96,Demott,Danev,ddanev2n@privacy.gov.au,Male,215.232.104.174,Shahrisabz Shahri,,5/8/2024,14,3,A,37
97,Dacy,Keuntje,dkeuntje2o@ifeng.com,Bigender,71.233.222.116,Wan’an,,1/31/2024,3,7,B,30
98,Sylas,Pattisson,spattisson2p@oaic.gov.au,Male,2.29.144.82,Čajetina,,10/17/2023,11,4,A,20
99,Othella,Shoesmith,oshoesmith2q@a8.net,Female,253.65.35.141,Keleleng,,11/8/2023,9,8,A,30
100,Barrett,Elwel,belwel2r@craigslist.org,Male,45.57.1.53,Qandala,,2/6/2024,10,6,B,31
101,Carver,Gillivrie,cgillivrie2s@umich.edu,Polygender,14.205.120.37,Loučeň,,5/21/2024,10,4,B,31
102,Shaun,Gerhartz,sgerhartz2t@microsoft.com,Female,223.45.254.74,Eshan,,3/29/2024,4,3,B,23
103,Raimundo,Kilford,rkilford2u@wikispaces.com,Male,249.3.107.52,Hřebeč,,11/19/2023,15,8,A,31
104,Jilleen,Carillo,jcarillo2v@whitehouse.gov,Female,42.221.137.170,Kruševac,,11/16/2023,1,6,A,32
105,Rolph,Maria,rmaria2w@cdbaby.com,Polygender,96.58.100.239,Hermosa,,4/16/2024,14,7,A,29
106,Quinn,Bridywater,qbridywater2x@wordpress.com,Male,244.92.66.85,El Paso,,7/12/2024,4,3,A,27
107,Masha,Sindall,msindall2y@storify.com,Female,26.138.229.1,Egbe,,10/12/2023,5,6,B,31
108,Pablo,Schule,pschule2z@fc2.com,Male,31.196.192.79,Karabash,,2/3/2024,5,8,B,35
109,Morley,Maxstead,mmaxstead30@github.io,Male,218.49.170.252,Zhaowanzhuang,,3/7/2024,9,6,B,22
110,Earlie,Benley,ebenley31@fotki.com,Male,198.26.140.108,Luxi,,3/28/2024,15,7,B,33
111,Lyn,Basketter,lbasketter32@china.com.cn,Female,153.86.215.222,Bodø,,1/18/2024,12,8,B,29
112,Billy,Gudgin,bgudgin33@people.com.cn,Male,252.213.83.161,Banjar Laing,,3/29/2024,2,5,B,30
113,Gerta,Boays,gboays34@intel.com,Female,199.16.132.25,Ibara,,10/21/2023,13,5,B,32
114,Philipa,Setford,psetford35@bigcartel.com,Female,50.29.7.2,Lisewo Malborskie,,12/19/2023,10,2,A,31
115,Mildred,Wincott,mwincott36@com.com,Female,28.13.149.135,Malá Strana,,6/22/2024,4,8,B,20
116,Janka,Trudgeon,jtrudgeon37@tmall.com,Female,192.59.166.40,Verkhneye Kazanishche,,3/16/2024,1,9,A,36
117,Moise,Atton,matton38@imdb.com,Male,133.255.51.217,João Monlevade,,4/8/2024,6,6,B,20
118,Brooke,Claris,bclaris39@ucoz.ru,Male,227.17.179.5,Göteborg,,1/26/2024,8,5,B,35
119,Errol,Deshorts,edeshorts3a@shinystat.com,Male,91.173.106.154,Runaway Bay,,2/5/2024,21,4,A,21
120,Geoffry,Mowsdale,gmowsdale3b@omniture.com,Male,176.224.129.146,Livorno,,7/11/2024,3,8,B,25
121,Vail,Greiser,vgreiser3c@cnet.com,Male,209.116.48.195,Torbay,,9/1/2023,10,5,B,29
122,Sondra,Corradi,scorradi3d@washingtonpost.com,Female,146.181.63.153,Tipo-Tipo,,1/9/2024,6,5,B,33
123,Case,Copestake,ccopestake3e@biblegateway.com,Male,116.116.107.194,Chouto,,12/14/2023,13,1,A,27
124,Coralie,Kacheller,ckacheller3f@people.com.cn,Agender,9.83.215.161,Linares,,5/6/2024,2,1,B,19
125,Hale,Obey,hobey3g@si.edu,Male,251.54.120.199,Ljungby,,9/12/2023,2,3,B,28
126,Jaimie,Bernardon,jbernardon3h@biglobe.ne.jp,Female,79.101.144.245,Longxi,,6/15/2024,7,8,A,30
127,Nolan,Elkins,nelkins3i@php.net,Agender,134.148.169.179,Ciputih,,7/11/2024,11,5,A,17
128,Donalt,Prew,dprew3j@opensource.org,Male,63.172.124.18,Luboń,,8/16/2024,8,11,B,33
129,Niko,Hannant,nhannant3k@spiegel.de,Male,153.180.249.140,Labelle,,6/13/2024,5,7,B,25
130,Alexander,Piller,apiller3l@dailymail.co.uk,Male,57.195.182.23,Tari,,2/14/2024,10,3,B,39
131,Sauveur,Goschalk,sgoschalk3m@bloglines.com,Male,52.157.41.142,Deneysville,,12/30/2023,7,7,B,28
132,Kamilah,Leveridge,kleveridge3n@addtoany.com,Female,193.107.249.68,Quinchía,,3/6/2024,19,7,A,32
133,Boote,Goady,bgoady3o@discovery.com,Male,181.133.255.89,Bayangol,,11/8/2023,3,6,A,29
134,Tiffie,Brisland,tbrisland3p@rakuten.co.jp,Female,176.145.61.214,Kurkino,,7/26/2024,5,5,A,27
135,Kile,Balogh,kbalogh3q@360.cn,Male,241.76.91.85,Đắk Glei,,4/28/2024,15,4,A,44
136,Brynne,McMurty,bmcmurty3r@sfgate.com,Female,205.37.252.21,Poříčí nad Sázavou,,3/28/2024,1,4,B,23
137,Afton,Spritt,aspritt3s@uiuc.edu,Female,34.135.129.128,San Francisco,,5/11/2024,9,1,A,24
138,Kane,Yuryshev,kyuryshev3t@live.com,Male,214.47.131.225,Carcavelos,,12/23/2023,3,2,B,29
139,Corbett,Haslin,chaslin3u@altervista.org,Male,218.59.4.244,Oliveira de Frades,,1/30/2024,4,3,B,32
140,Lydon,Lehrmann,llehrmann3v@ocn.ne.jp,Male,230.253.202.243,Conceição do Coité,,10/30/2023,3,4,A,34
141,Xylia,Warke,xwarke3w@miitbeian.gov.cn,Female,35.184.130.52,Zelenchukskaya,,6/24/2024,21,7,A,29
142,Tabor,Matuszynski,tmatuszynski3x@va.gov,Male,72.201.50.225,Salt Lake City,,12/6/2023,6,5,B,31
143,Cyndie,Marusic,cmarusic3y@deviantart.com,Female,126.159.47.239,Amiens,,8/17/2024,9,6,A,31
144,Taylor,Suggate,tsuggate3z@freewebs.com,Male,232.13.9.225,Jieyang,,7/15/2024,3,11,A,35
145,Rogerio,Muncie,rmuncie40@google.ru,Male,167.186.65.159,Wotan,,5/11/2024,8,4,B,24
146,Amber,Pagan,apagan41@stanford.edu,Female,111.53.226.126,Pak Phanang,,7/18/2024,11,5,B,28
147,Trevor,Lynskey,tlynskey42@delicious.com,Male,91.55.204.1,Thamaga,,7/26/2024,10,9,A,29
148,Ora,Capron,ocapron43@t.co,Female,49.106.145.123,Kostyantynivka,,12/6/2023,11,1,A,36
149,Kory,Glavias,kglavias44@mapy.cz,Male,198.126.22.58,Gaojian,,7/7/2024,6,7,B,31
150,Aaron,Lygoe,alygoe45@creativecommons.org,Male,160.177.119.78,Goshogawara,,10/21/2023,16,5,A,27
151,Spenser,Fansy,sfansy46@etsy.com,Male,146.143.164.59,Youhao,,5/19/2024,1,4,B,30
152,Sal,Bambrick,sbambrick47@cpanel.net,Male,27.49.146.129,Luleå,,10/2/2023,8,2,B,25
153,Lyell,Muxworthy,lmuxworthy48@moonfruit.com,Male,193.19.197.126,Salinas,,1/5/2024,12,3,A,23
154,Berrie,Hulatt,bhulatt49@gov.uk,Female,245.119.68.120,Sandachō,,6/7/2024,8,7,B,23
155,Barry,Wandtke,bwandtke4a@twitter.com,Female,34.130.102.245,Lýkeio,,10/3/2023,10,6,B,26
156,Catarina,Crossan,ccrossan4b@fotki.com,Female,196.186.133.45,Řečany nad Labem,,2/10/2024,5,1,A,33
157,Osborn,O'Riordan,ooriordan4c@engadget.com,Male,240.34.131.227,Oinoússes,,3/13/2024,10,8,B,14
158,Lida,Elkin,lelkin4d@paginegialle.it,Female,199.170.50.57,Cicuco,,5/2/2024,6,10,B,23
159,Buddie,Leyes,bleyes4e@amazon.com,Genderqueer,103.234.240.71,Coishco,,11/26/2023,8,5,B,30
160,Sanderson,Causby,scausby4f@hexun.com,Male,120.168.210.115,Maubara,,2/11/2024,3,5,A,24
161,Finley,Heeks,fheeks4g@blogspot.com,Male,130.170.16.110,Guadalupe,,11/1/2023,6,7,B,23
162,Brigitta,Joselson,bjoselson4h@g.co,Female,43.105.65.119,Phoenix,,8/11/2024,13,5,B,30
163,Phelia,Grishankov,pgrishankov4i@blogger.com,Female,243.185.233.108,Donggaohuang,,9/28/2023,3,9,A,24
164,Sonya,Audritt,saudritt4j@godaddy.com,Non-binary,157.52.56.148,Penza,,3/22/2024,1,7,A,29
165,Lennard,MacMenamin,lmacmenamin4k@behance.net,Male,213.234.230.191,Łącko,,3/29/2024,6,9,A,26
166,Chelsae,Hancock,chancock4l@ibm.com,Female,89.56.194.42,Thị Trấn Yên Cát,,4/2/2024,7,9,A,37
167,Constantino,Lockhart,clockhart4m@wikispaces.com,Male,106.20.203.114,Jeminay,,10/12/2023,14,9,A,30
168,Carlina,Salmoni,csalmoni4n@instagram.com,Female,154.45.68.9,Asprángeloi,,5/9/2024,27,4,A,30
169,Bevin,Geall,bgeall4o@ucoz.com,Male,69.171.72.49,Mwense,,12/13/2023,6,7,A,29
170,Willi,Dollard,wdollard4p@apache.org,Male,95.83.34.64,Paracuru,,2/6/2024,2,4,B,30
171,Palmer,Ive,pive4q@miitbeian.gov.cn,Male,242.83.192.232,Lianran,,10/5/2023,3,2,B,30
172,Dina,Castiglioni,dcastiglioni4r@tiny.cc,Female,255.138.56.34,Niuzhuang,,12/13/2023,9,13,A,30
173,Garrick,Mulrean,gmulrean4s@smh.com.au,Male,146.50.141.90,Lijiaping,,10/19/2023,3,4,B,21
174,Violet,Tabour,vtabour4t@reverbnation.com,Female,228.92.31.119,Largo,,9/18/2023,9,1,A,27
175,Jed,Larter,jlarter4u@cyberchimps.com,Male,216.115.88.99,Stockholm,,2/25/2024,15,5,A,36
176,Flint,Caroli,fcaroli4v@patch.com,Male,60.183.85.113,Juazeiro do Norte,,7/1/2024,9,5,A,26
177,Chlo,Collumbine,ccollumbine4w@microsoft.com,Female,29.233.65.13,Gatesville,,8/4/2024,5,2,B,19
178,Kerwin,Croley,kcroley4x@histats.com,Male,236.50.84.20,Napuro,,6/7/2024,5,2,A,29
179,Hephzibah,MacNucator,hmacnucator4y@reddit.com,Female,215.235.240.243,Seattle,,11/18/2023,12,4,A,27
180,Taddeo,Hinemoor,thinemoor4z@gov.uk,Male,179.43.24.87,Maracay,,6/22/2024,3,5,B,28
181,Ginni,Ovenden,govenden50@ed.gov,Female,118.226.136.81,Waxi,,6/15/2024,1,8,B,27
182,Hersh,Elcoux,helcoux51@tuttocitta.it,Male,189.68.154.141,Tinghir,,2/16/2024,15,8,A,29
183,Dawna,Hollyer,dhollyer52@e-recht24.de,Female,140.171.47.221,Trzebunia,,6/17/2024,10,8,A,37
184,Silvia,Thumnel,sthumnel53@csmonitor.com,Female,168.151.159.76,Klimontów,,11/21/2023,4,6,A,29
185,Cos,MacFadden,cmacfadden54@github.io,Male,165.70.104.197,El Cantón de San Pablo,,11/13/2023,10,2,B,28
186,Hedwiga,Jefferson,hjefferson55@friendfeed.com,Female,188.10.44.93,San Jose,,9/26/2023,1,1,B,23
187,Grete,Spinetti,gspinetti56@elpais.com,Genderqueer,33.129.247.11,Saverne,,6/17/2024,1,6,A,23
188,Silvanus,Eddleston,seddleston57@nyu.edu,Male,193.110.66.199,Yongding,,4/20/2024,8,8,A,33
189,Bran,Jenson,bjenson58@pagesperso-orange.fr,Male,3.217.29.97,Ibshawāy,,6/28/2024,8,4,A,31
190,Minda,Cridlan,mcridlan59@barnesandnoble.com,Polygender,215.44.175.54,Yeysk,,7/14/2024,20,1,A,30
191,Nataline,Caesmans,ncaesmans5a@trellian.com,Non-binary,111.34.237.7,Sancha,,2/20/2024,2,2,A,23
192,Yul,Guice,yguice5b@google.fr,Male,16.82.217.4,Gaoua,,1/14/2024,8,8,B,29
193,Jeremy,Biddleston,jbiddleston5c@wikia.com,Male,99.219.199.65,Meixian,,8/4/2024,1,7,B,24
194,Fabian,Breawood,fbreawood5d@jalbum.net,Male,110.138.84.235,Falun,,5/14/2024,5,6,B,33
195,Karmen,Cooley,kcooley5e@sfgate.com,Female,238.250.134.15,Witihama,,9/15/2023,6,1,A,37
196,Golda,Palek,gpalek5f@posterous.com,Female,86.147.98.122,Las Vegas,,6/26/2024,11,3,B,16
197,Stinky,Guidoni,sguidoni5g@goo.gl,Male,19.45.103.161,Havtsal,,5/3/2024,4,3,B,25
198,Talbert,McMorran,tmcmorran5h@goo.ne.jp,Male,230.154.102.114,Chatuchak,,1/17/2024,1,1,B,27
199,Dael,Crawforth,dcrawforth5i@moonfruit.com,Male,29.10.220.0,Sibulan,,7/24/2024,9,7,A,40
200,Moreen,Gilogly,mgilogly5j@mysql.com,Female,72.94.183.9,Le Hochet,,1/15/2024,25,6,A,32
201,Kelly,Shimon,kshimon5k@google.com.au,Non-binary,219.180.147.54,Liantan,,10/11/2023,4,7,B,35
202,Ritchie,McDool,rmcdool5l@prnewswire.com,Male,238.53.38.121,Neresnytsya,,5/22/2024,9,6,B,24
203,Sarita,Ninnotti,sninnotti5m@yandex.ru,Female,109.213.123.37,Darhan,,7/18/2024,4,7,B,33
204,Vasilis,Flintiff,vflintiff5n@economist.com,Male,239.227.194.45,Sukasari,,11/20/2023,4,7,A,37
205,Charlton,Bedingfield,cbedingfield5o@ca.gov,Male,114.167.186.41,Ciranca Satu,,3/1/2024,1,5,B,24
206,Alysa,Hansbury,ahansbury5p@kickstarter.com,Female,226.128.174.78,Laoqiao,,10/30/2023,6,9,A,41
207,Mora,Geoghegan,mgeoghegan5q@senate.gov,Female,177.192.58.99,Murça,,8/5/2024,1,3,A,33
208,Sabrina,Bullent,sbullent5r@privacy.gov.au,Female,28.35.120.70,Krajan Tanjungrejo,,6/15/2024,12,9,A,25
209,Demetra,Colebeck,dcolebeck5s@e-recht24.de,Female,95.136.214.69,Tasīl,,6/8/2024,7,9,B,25
210,Perkin,Kearey,pkearey5t@dyndns.org,Male,90.159.56.39,Sigaboy,,12/2/2023,8,4,A,27
211,Delly,Bonin,dbonin5u@whitehouse.gov,Female,61.87.43.106,Shuqiao,,4/20/2024,6,5,A,36
212,Bing,McKag,bmckag5v@jugem.jp,Male,205.4.93.86,Horvati,,9/6/2023,1,4,B,27
213,Cecilio,Copeman,ccopeman5w@examiner.com,Male,83.209.150.43,Mococa,,10/10/2023,5,6,B,33
214,Ediva,Miche,emiche5x@gnu.org,Female,67.68.211.158,Bromma,,3/22/2024,6,6,A,30
215,Bartlett,Adamczewski,badamczewski5y@edublogs.org,Male,169.150.134.60,Lenešice,,4/12/2024,11,1,A,27
216,Abagael,Hawthorn,ahawthorn5z@intel.com,Female,235.89.32.12,Khallat Şāliḩ,,7/10/2024,1,1,B,32
217,Cassandra,Baggarley,cbaggarley60@reuters.com,Female,253.249.208.215,Fangtai,,5/17/2024,11,1,A,36
218,Durante,Birkin,dbirkin61@alexa.com,Genderfluid,156.115.174.33,Daishan,,2/1/2024,5,4,B,25
219,Kippar,Horche,khorche62@paginegialle.it,Male,116.122.180.54,Trąbki Wielkie,,12/10/2023,12,5,A,36
220,Theo,Teather,tteather63@fc2.com,Male,120.243.24.83,Jiufeng,,2/16/2024,6,5,B,32
221,Pincus,Shorthouse,pshorthouse64@narod.ru,Male,230.160.207.142,Siva,,2/16/2024,8,6,B,26
222,Sean,Woolner,swoolner65@reverbnation.com,Male,232.167.113.194,Dnestrovsc,,4/24/2024,1,5,B,20
223,Ranique,Peyton,rpeyton66@lycos.com,Female,120.25.215.231,Susunan,,10/29/2023,1,12,A,24
224,Lesli,Janning,ljanning67@bbc.co.uk,Female,23.37.125.52,Yangzhuang,,7/6/2024,7,5,A,38
225,Quintilla,Baynam,qbaynam68@artisteer.com,Genderqueer,219.58.210.114,Washington,,10/15/2023,4,7,B,34
226,Guglielmo,O'Shiels,goshiels69@woothemes.com,Male,7.85.11.123,Bicaj,,11/1/2023,8,5,B,17
227,Nichole,Shorland,nshorland6a@apple.com,Male,9.184.14.190,Teseney,,7/4/2024,1,5,B,33
228,Napoleon,Gilbody,ngilbody6b@cargocollective.com,Male,129.72.202.9,Goragorskiy,,5/26/2024,7,3,B,37
229,Trumaine,Buesden,tbuesden6c@ehow.com,Male,228.196.171.42,Iksan,,3/4/2024,11,4,A,29
230,Estel,Ordemann,eordemann6d@networkadvertising.org,Female,83.216.102.203,Altavista,,1/19/2024,6,4,A,27
231,Dion,Gniewosz,dgniewosz6e@dion.ne.jp,Agender,94.165.248.178,Utrecht (stad),,2/1/2024,13,8,A,31
232,Vinni,Woodington,vwoodington6f@japanpost.jp,Female,214.94.215.15,Upig,,8/5/2024,1,4,B,25
233,Clevie,Savil,csavil6g@wp.com,Male,100.38.166.68,Banjarkemuning,,6/12/2024,5,3,A,25
234,Clarette,Turfrey,cturfrey6h@stumbleupon.com,Female,46.19.190.111,Gaptsakh,,10/7/2023,8,10,A,31
235,Eduardo,Berresford,eberresford6i@discovery.com,Male,82.54.18.96,Il’ya,,3/24/2024,7,2,A,23
236,Osbourne,Hainning,ohainning6j@blogs.com,Male,171.6.39.237,Wenhe,,11/23/2023,10,5,B,25
237,Edna,Drain,edrain6k@europa.eu,Female,120.133.155.2,Kafr Baţnā,,9/15/2023,2,7,B,30
238,Lusa,Bukowski,lbukowski6l@nytimes.com,Female,49.122.57.0,Huaihe,,4/20/2024,3,3,B,32
239,Tonnie,Boath,tboath6m@bandcamp.com,Agender,98.246.255.162,Madang,,12/1/2023,5,1,B,29
240,Adel,Tender,atender6n@friendfeed.com,Female,191.57.235.70,Ballymahon,,5/31/2024,1,9,B,32
241,Adan,Reuben,areuben6o@1und1.de,Genderfluid,102.246.144.144,Shuiying,,12/11/2023,6,7,B,35
242,Orran,Ahmed,oahmed6p@pagesperso-orange.fr,Male,32.91.82.198,Wintzenheim,,2/21/2024,3,4,B,27
243,Rab,Tooth,rtooth6q@google.com,Male,33.142.149.104,Kampungladang,,8/25/2023,14,8,A,35
244,Gerhard,Downe,gdowne6r@redcross.org,Male,141.205.120.222,Palmar de Varela,,6/17/2024,2,8,B,30
245,Inger,Toffel,itoffel6s@istockphoto.com,Male,211.89.214.160,Lelystad,,10/1/2023,12,5,B,34
246,Kalli,Michal,kmichal6t@rediff.com,Female,186.255.15.120,Rtishchevo,,2/3/2024,7,4,B,20
247,Katharyn,Pizey,kpizey6u@boston.com,Polygender,134.65.152.241,Replot,,2/29/2024,1,3,B,27
248,Alene,Gettone,agettone6v@themeforest.net,Female,63.222.68.236,Biloxi,,7/9/2024,1,7,A,29
249,Cathyleen,Baudry,cbaudry6w@google.pl,Female,103.233.171.241,Sendang,,8/11/2024,1,5,B,31
250,Rufe,Bearcroft,rbearcroft6x@weibo.com,Male,87.117.168.167,Piaski,,8/5/2024,10,3,B,28
251,Niels,Westraw,nwestraw6y@nytimes.com,Male,226.194.123.3,Marsh Harbour,,1/8/2024,6,7,A,30
252,Ky,Lyston,klyston6z@multiply.com,Male,214.223.133.86,Jiaoyuan,,11/25/2023,9,9,A,29
253,Lauryn,Merryfield,lmerryfield70@sciencedaily.com,Female,53.121.213.95,Pingtian,,10/23/2023,4,7,B,21
254,Don,Emanueli,demanueli71@linkedin.com,Male,204.79.204.14,Rodniki,,5/14/2024,12,5,A,25
255,Isidora,Lawey,ilawey72@reuters.com,Female,148.251.173.120,Budapest,,6/1/2024,17,1,A,43
256,Iago,Cordet,icordet73@nbcnews.com,Male,229.219.167.143,Amga,,10/2/2023,5,7,B,34
257,Giulia,Noor,gnoor74@reverbnation.com,Female,87.90.186.89,Sarāvān,,5/7/2024,1,4,B,25
258,Kellie,Robson,krobson75@phoca.cz,Female,147.96.204.55,Gushikawa,,8/22/2023,14,6,A,32
259,Michaelina,Reeman,mreeman76@wordpress.org,Female,119.186.54.133,Kayu Agung,,9/7/2023,18,6,A,24
260,Clemmie,Melwall,cmelwall77@rambler.ru,Male,216.151.253.76,Luyang,,5/4/2024,3,10,A,24
261,Eddie,Martensen,emartensen78@spotify.com,Female,93.120.26.177,Xiejia,,9/24/2023,3,3,B,30
262,Lucie,Wybrew,lwybrew79@is.gd,Female,18.221.229.72,Wenquan,,7/21/2024,3,7,A,31
263,Dave,Rosenschein,drosenschein7a@weather.com,Male,47.248.231.11,Urho,,3/10/2024,8,5,B,29
264,Chanda,Keilty,ckeilty7b@who.int,Female,229.67.226.226,Iturama,,1/23/2024,24,9,A,35
265,Juliette,Hassen,jhassen7c@reuters.com,Female,232.82.33.0,Bailieborough,,6/8/2024,6,3,B,23
266,Phaidra,Nuton,pnuton7d@opera.com,Female,19.110.136.193,Blois,,5/16/2024,7,7,B,31
267,Izaak,Janusz,ijanusz7e@twitter.com,Male,213.130.105.109,Bom Jesus dos Perdões,,3/29/2024,1,5,B,20
268,Liana,Oles,loles7f@jimdo.com,Female,8.28.45.112,Bucay,,7/7/2024,4,2,B,20
269,Keely,Fowden,kfowden7g@tumblr.com,Female,125.149.208.94,Huangzhou,,10/6/2023,2,4,A,35
270,Noland,O'Rodane,norodane7h@irs.gov,Male,160.198.114.63,Tanushimarumachi-toyoki,,8/31/2023,6,4,A,20
271,Angel,Pridding,apridding7i@constantcontact.com,Male,189.150.81.38,Lat Lum Kaeo,,12/29/2023,6,6,A,33
272,Coriss,Meininger,cmeininger7j@businesswire.com,Female,31.213.152.48,Danghara,,3/13/2024,12,2,B,25
273,Rivalee,Board,rboard7k@google.ca,Non-binary,33.141.25.222,Fanhu,,10/11/2023,8,5,B,28
274,Valentine,Clow,vclow7l@ehow.com,Female,79.182.81.223,Yangtan,,3/8/2024,8,2,B,35
275,Alvina,Leemans,aleemans7m@bigcartel.com,Female,213.136.181.248,San Bernardino,,2/24/2024,1,8,A,23
276,Ortensia,Dunlea,odunlea7n@t.co,Female,223.82.156.23,Janiuay,,4/26/2024,16,6,A,32
277,Juliette,Allsup,jallsup7o@princeton.edu,Female,46.148.87.210,Serh,,6/17/2024,1,7,B,33
278,Ninnetta,Pennaman,npennaman7p@slashdot.org,Female,147.241.243.233,Xianan,,7/19/2024,1,7,A,36
279,Chrysler,Lenglet,clenglet7q@mashable.com,Female,84.2.5.82,Cibeunying,,10/15/2023,1,7,B,28
280,Aarika,McCrachen,amccrachen7r@hexun.com,Female,62.136.210.50,Abelheira,,5/3/2024,10,5,B,31
281,Seamus,Strank,sstrank7s@i2i.jp,Male,113.151.233.252,Tongxing,,9/25/2023,5,1,A,31
282,Tomaso,Gianinotti,tgianinotti7t@techcrunch.com,Male,33.0.88.150,Enrile,,5/18/2024,2,9,B,25
283,Cathrine,MacCaull,cmaccaull7u@sphinn.com,Female,29.231.179.192,Tost,,1/25/2024,1,12,A,27
284,Decca,Nigh,dnigh7v@statcounter.com,Male,40.122.215.62,Montepuez,,9/11/2023,11,9,A,22
285,Athene,Frowd,afrowd7w@domainmarket.com,Female,21.193.211.131,Ljubešćica,,11/21/2023,2,5,B,23
286,Abeu,Durling,adurling7x@clickbank.net,Male,54.139.91.46,Shenzhengqiao,,11/12/2023,4,8,A,27
287,Euphemia,Mascall,emascall7y@g.co,Female,137.166.143.40,Sukadana,,11/10/2023,8,9,A,28
288,Lyndell,Rosenfelder,lrosenfelder7z@eventbrite.com,Female,237.237.40.126,Pili,,6/12/2024,25,5,A,25
289,Nelle,Shatliff,nshatliff80@clickbank.net,Female,169.94.76.85,Jianshan,,5/8/2024,6,3,B,22
290,Arvin,Wickstead,awickstead81@paginegialle.it,Male,29.170.166.143,Pohbango,,2/8/2024,4,5,B,26
291,Claudianus,Josovitz,cjosovitz82@lulu.com,Male,26.12.44.85,Ciudad Bolívar,,4/4/2024,6,1,B,28
292,Isis,Sallnow,isallnow83@wikimedia.org,Female,57.252.104.121,Renhe,,3/31/2024,1,4,B,37
293,Euell,Guiver,eguiver84@dion.ne.jp,Male,120.142.167.94,Paris La Défense,,12/4/2023,15,7,A,29
294,Olympe,Bickers,obickers85@shutterfly.com,Female,108.115.189.75,Krajanbaturno,,5/17/2024,2,8,A,29
295,Hart,Streeting,hstreeting86@devhub.com,Male,51.179.231.66,Kuršumlija,,9/6/2023,2,5,A,27
296,Celestia,McKimmey,cmckimmey87@networksolutions.com,Female,222.105.167.37,Mitsuke,,4/25/2024,7,8,B,20
297,Marilin,Helling,mhelling88@dion.ne.jp,Female,218.89.183.101,Saddina,,7/20/2024,1,5,A,19
298,Darrel,Gair,dgair89@google.pl,Male,146.89.237.200,Żarki-Letnisko,,3/25/2024,12,3,A,30
299,Giles,Dillingston,gdillingston8a@bloglines.com,Male,236.191.146.104,Pangkalan Kasai,,1/23/2024,9,7,A,31
300,Corenda,Canero,ccanero8b@mediafire.com,Female,105.87.162.230,Sintung Timur,,1/1/2024,7,10,A,30
301,Sibby,Osbaldstone,sosbaldstone8c@squidoo.com,Female,28.125.219.0,Pretana,,5/11/2024,12,8,A,34
302,Merilee,Wealthall,mwealthall8d@webs.com,Agender,57.104.162.52,Yermish’,,10/2/2023,1,6,B,32
303,Rey,Rodolico,rrodolico8e@oakley.com,Female,182.216.117.13,Dongjingcheng,,3/25/2024,7,5,B,29
304,Lance,Wyles,lwyles8f@behance.net,Male,10.92.48.143,Lundo,,12/10/2023,6,1,B,27
305,Simone,Sylvaine,ssylvaine8g@lulu.com,Female,119.113.225.71,Banjar Geriana Kangin,,4/13/2024,12,4,A,32
306,Torry,Mahody,tmahody8h@1und1.de,Male,201.170.69.249,Linqu,,4/21/2024,2,4,B,30
307,Braden,Cullinan,bcullinan8i@economist.com,Male,96.19.145.104,Aulnay-sous-Bois,,8/8/2024,16,8,A,27
308,Tisha,Valdes,tvaldes8j@e-recht24.de,Female,119.218.56.61,Joaçaba,,10/29/2023,3,7,B,25
309,Wood,McWhorter,wmcwhorter8k@g.co,Male,26.160.50.118,Nōgata,,8/2/2024,12,5,A,34
310,Prentiss,Grinyakin,pgrinyakin8l@answers.com,Male,138.12.85.15,Huiwan,,11/27/2023,5,2,B,40
311,Mozelle,Aggis,maggis8m@bizjournals.com,Female,246.53.203.95,Boluo,,4/9/2024,11,3,A,36
312,Bran,Zoren,bzoren8n@sogou.com,Male,168.74.135.88,Al Manāqil,,12/23/2023,1,6,A,28
313,Carling,Morling,cmorling8o@marketwatch.com,Male,136.150.222.151,Sabon Gari-Nangere,,6/20/2024,1,6,B,21
314,Bear,Skrines,bskrines8p@hhs.gov,Male,157.99.218.181,Dalumangcob,,8/13/2024,9,7,B,25
315,Theo,Gallihawk,tgallihawk8q@jiathis.com,Male,38.137.217.55,Sinjār,,12/29/2023,6,1,B,31
316,Rabi,Paladino,rpaladino8r@goo.ne.jp,Male,163.70.183.105,Vernon,,11/15/2023,15,8,A,25
317,Bordy,Simonazzi,bsimonazzi8s@bing.com,Male,135.31.221.229,Al ‘Awjā,,1/15/2024,11,8,A,34
318,Gabrila,Conkling,gconkling8t@thetimes.co.uk,Female,149.241.26.151,Duayaw Nkwanta,,5/18/2024,6,12,A,34
319,Even,Olczyk,eolczyk8u@berkeley.edu,Male,107.177.72.44,Kukichūō,,1/12/2024,10,2,A,35
320,Alejandra,Di Matteo,adimatteo8v@wired.com,Bigender,52.215.220.173,Richibucto,,5/27/2024,10,8,A,45
321,Wadsworth,Fairham,wfairham8w@indiatimes.com,Male,12.156.250.77,Xiaoying,,8/10/2024,6,6,B,31
322,Nert,Brenard,nbrenard8x@uol.com.br,Female,218.143.182.80,Kašina,,9/22/2023,11,9,A,24
323,Erek,Cay,ecay8y@symantec.com,Male,127.177.141.178,Estreito,,6/6/2024,4,4,A,22
324,Beck,Swepson,bswepson8z@1688.com,Male,189.200.179.124,Denver,,10/21/2023,10,5,A,33
325,Moise,Abdie,mabdie90@epa.gov,Male,20.235.15.185,Donglai,,6/14/2024,11,2,B,22
326,Cynthea,Antrim,cantrim91@sohu.com,Female,195.203.150.143,Pag-asa,,8/16/2024,9,1,A,32
327,Lonny,Mongan,lmongan92@telegraph.co.uk,Male,208.134.10.202,Beaconsfield,,7/21/2024,6,4,A,20
328,Fax,Antognetti,fantognetti93@imdb.com,Male,58.248.75.172,San Miguel,,3/31/2024,12,4,A,22
329,Pearline,Houson,phouson94@meetup.com,Female,146.171.161.60,Igbaras,,6/21/2024,14,9,B,27
330,Llewellyn,Luckhurst,lluckhurst95@who.int,Male,67.183.157.220,Wangdain,,4/15/2024,13,2,A,33
331,Therese,Petrol,tpetrol96@free.fr,Female,173.145.26.115,Baima,,4/21/2024,1,5,A,29
332,Lawry,Carleman,lcarleman97@senate.gov,Male,149.54.108.71,Oulad Frej,,5/8/2024,8,9,A,32
333,Atalanta,Blinco,ablinco98@free.fr,Female,51.63.124.216,Killumney,,4/9/2024,13,9,A,30
334,Giacopo,Heasman,gheasman99@wisc.edu,Male,210.8.138.255,Dugcal,,9/12/2023,9,7,A,32
335,Chelsy,Falla,cfalla9a@qq.com,Female,192.247.174.247,Jinshandian,,2/11/2024,5,7,B,35
336,Currey,Duffitt,cduffitt9b@cyberchimps.com,Male,124.119.119.140,Laramate,,5/19/2024,11,8,B,22
337,Constantino,Shaddock,cshaddock9c@sogou.com,Male,43.121.193.234,Sulęcin,,12/6/2023,3,5,B,30
338,Constantina,Vockings,cvockings9d@salon.com,Female,241.200.34.59,Xiangtan,,8/8/2024,1,10,A,28
339,Georgette,Kerswill,gkerswill9e@last.fm,Female,186.93.126.149,Debre Zeyit,,11/20/2023,1,1,B,32
340,David,Sinnat,dsinnat9f@nih.gov,Male,161.28.20.216,Berekum,,7/18/2024,4,4,B,26
341,Carlee,Neilands,cneilands9g@reverbnation.com,Bigender,126.3.75.202,Morón,,5/25/2024,2,4,B,44
342,Nancee,Worham,nworham9h@google.pl,Female,241.232.209.61,Negotin,,7/11/2024,3,1,A,24
343,Andre,Rottery,arottery9i@gov.uk,Male,237.41.38.90,Buenos Aires,,9/22/2023,6,6,B,27
344,Martelle,Meads,mmeads9j@scribd.com,Female,27.48.22.119,Jishu,,6/12/2024,7,10,A,29
345,Elise,Coultish,ecoultish9k@theguardian.com,Female,190.60.36.55,Lexington,,9/27/2023,7,3,B,29
346,Jerrold,Glyne,jglyne9l@mail.ru,Male,91.67.171.124,Fenglin,,10/18/2023,2,5,A,29
347,Adore,Ackroyd,aackroyd9m@prlog.org,Female,209.235.249.93,San Roque,,8/31/2023,7,4,B,20
348,Alanna,Cooley,acooley9n@google.nl,Female,94.132.192.94,København,,1/28/2024,1,6,B,24
349,Charles,Ockland,cockland9o@samsung.com,Male,15.139.164.129,Batouri,,5/27/2024,14,5,A,38
350,Ricki,Merveille,rmerveille9p@themeforest.net,Female,173.208.247.219,Karlstad,,10/26/2023,6,6,A,28
351,Terrence,Hrus,thrus9q@myspace.com,Male,249.54.199.63,Udobnaya,,12/5/2023,2,6,A,30
352,Elle,Dole,edole9r@wunderground.com,Female,79.98.70.81,Capão da Canoa,,7/16/2024,6,5,A,37
353,Ignazio,Greenwell,igreenwell9s@jigsy.com,Male,29.99.215.85,Dzvinogrud,,5/18/2024,10,8,A,31
354,Nanete,Reagan,nreagan9t@foxnews.com,Female,154.47.175.185,Rogowo,,10/7/2023,5,4,B,30
355,Elianora,Sandal,esandal9u@facebook.com,Agender,16.117.127.108,Samashki,,1/14/2024,1,7,A,28
356,Kleon,Keppie,kkeppie9v@wordpress.com,Male,125.210.168.246,Keyi,,8/4/2024,17,5,A,42
357,Janeta,Godly,jgodly9w@businessinsider.com,Female,181.48.245.171,Kalengwa,,4/25/2024,6,6,B,29
358,Egbert,Kinze,ekinze9x@twitter.com,Male,149.52.199.159,Zhenjiang,,3/7/2024,1,5,A,24
359,Mitch,Bengtsen,mbengtsen9y@pagesperso-orange.fr,Male,43.63.81.109,Dno,,2/14/2024,11,8,A,26
360,Fancy,Luberti,fluberti9z@digg.com,Female,173.164.43.20,Strezhevoy,,3/13/2024,1,4,B,18
361,Doll,Millom,dmilloma0@cbc.ca,Female,154.58.10.153,Warungbanten,,3/30/2024,5,6,A,29
362,Xena,Keppie,xkeppiea1@npr.org,Female,232.65.128.18,Lagkadás,,4/6/2024,17,7,A,23
363,Quillan,Thebe,qthebea2@sphinn.com,Male,181.147.162.20,Fuquan,,9/7/2023,7,4,B,23
364,Dorothee,Ryles,drylesa3@chicagotribune.com,Female,252.23.117.191,Si Mahosot,,5/20/2024,10,11,A,25
365,Anabel,Scrogges,ascroggesa4@g.co,Agender,11.92.236.130,Velenje,,9/23/2023,11,8,A,24
366,Livvyy,Mutlow,lmutlowa5@elegantthemes.com,Female,163.136.116.87,Tegalgede,,8/20/2024,4,6,A,30
367,Marianne,Whitter,mwhittera6@sakura.ne.jp,Female,87.6.205.249,Xiabaishi,,8/22/2023,1,6,B,30
368,Ansell,Birwhistle,abirwhistlea7@seesaa.net,Male,84.21.139.241,Spassk,,5/29/2024,6,8,A,28
369,Roseanna,O'Fihily,rofihilya8@twitter.com,Female,163.185.123.180,Siliana,,5/12/2024,13,6,A,24
370,Lynde,Stoakes,lstoakesa9@gmpg.org,Female,97.37.173.215,Serowe,,8/19/2024,3,7,B,26
371,Hubey,Kears,hkearsaa@pcworld.com,Male,217.234.103.225,Kozloduy,,4/8/2024,2,2,B,27
372,Marian,Sealand,msealandab@wix.com,Female,78.226.20.83,Huacao,,3/30/2024,2,4,B,26
373,Adeline,Jenteau,ajenteauac@nyu.edu,Female,105.178.142.1,Kępie Żaleszańskie,,12/27/2023,3,7,B,35
374,Lonnie,Saville,lsavillead@wsj.com,Male,198.210.176.97,Concord,,10/6/2023,5,6,B,14
375,Livy,Raggett,lraggettae@dailymail.co.uk,Female,9.194.84.132,Pasir Mas,,8/5/2024,13,10,A,31
376,Dallis,Napton,dnaptonaf@nature.com,Male,228.156.222.250,Duyên Hải,,5/22/2024,5,7,A,33
377,Nedda,Gawkes,ngawkesag@flavors.me,Female,148.247.239.21,Xucheng,,4/3/2024,7,8,A,25
378,Harv,Kevern,hkevernah@51.la,Male,113.213.228.197,Malaya Purga,,1/31/2024,12,9,A,31
379,Keefe,Whightman,kwhightmanai@fc2.com,Male,156.15.253.19,Biliran,,7/20/2024,15,4,A,36
380,Murray,Valerio,mvalerioaj@wsj.com,Male,180.136.189.87,Cibeusi,,4/26/2024,2,7,B,21
381,Shaun,Feaviour,sfeaviourak@who.int,Male,7.192.199.193,Aranos,,11/17/2023,8,5,B,36
382,Adham,Bolzmann,abolzmannal@macromedia.com,Male,252.90.165.159,Kae Dam,,8/29/2023,8,1,B,29
383,Krissy,Kluge,kklugeam@miitbeian.gov.cn,Female,38.130.37.160,Shensuo,,8/9/2024,4,1,B,27
384,Oona,Dayly,odaylyan@cbc.ca,Genderqueer,251.252.104.74,Kuragaki-kosugi,,11/13/2023,13,3,B,21
385,Diego,Crolly,dcrollyao@cdbaby.com,Male,181.46.232.129,San Diego,,3/1/2024,5,5,A,34
386,Hieronymus,Kilfoyle,hkilfoyleap@vistaprint.com,Male,166.50.83.166,Varniai,,1/17/2024,1,9,B,27
387,Marina,Churchin,mchurchinaq@ihg.com,Female,166.55.219.69,Ganggawang,,1/4/2024,2,1,B,38
388,Gerhardt,Scola,gscolaar@newyorker.com,Male,148.153.142.152,Pavlovsk,,5/14/2024,13,6,A,39
389,Stefa,Gostyke,sgostykeas@netlog.com,Female,221.210.64.203,Póvoa do Valado,,9/20/2023,10,3,A,24
390,Izzy,Werny,iwernyat@ihg.com,Male,50.233.6.20,Konstantynów Łódzki,,2/16/2024,3,1,B,20
391,Jarib,Bickle,jbickleau@gravatar.com,Male,22.88.187.179,Ust’ye,,4/9/2024,1,5,B,30
392,Charis,Gallymore,cgallymoreav@china.com.cn,Female,102.105.130.182,Aimin,,11/4/2023,9,8,B,28
393,Patricio,Gerholz,pgerholzaw@shinystat.com,Male,169.84.77.3,Smečno,,2/6/2024,6,7,B,25
394,Ally,Strowlger,astrowlgerax@java.com,Female,114.194.64.137,Doroslovo,,4/9/2024,1,4,B,29
395,Domingo,Davison,ddavisonay@berkeley.edu,Male,246.75.123.244,Kusheriki,,8/14/2024,22,5,A,29
396,Alica,Ahmed,aahmedaz@domainmarket.com,Female,135.230.158.155,Itacarambi,,11/14/2023,7,7,B,14
397,Eleanora,Leeburne,eleeburneb0@cisco.com,Female,9.251.146.224,Karinë,,3/5/2024,1,5,B,38
398,Maddi,Loseby,mlosebyb1@skyrock.com,Female,113.223.150.226,Baugo,,11/4/2023,8,5,B,29
399,Marcile,Divill,mdivillb2@howstuffworks.com,Female,79.218.249.251,Kitwe,,12/10/2023,5,8,B,30
400,Donavon,Cappineer,dcappineerb3@issuu.com,Male,101.231.74.26,Sochi,,8/27/2023,20,8,A,35
401,Edmund,Ellice,eelliceb4@163.com,Male,182.247.84.41,Kham Sakae Saeng,,6/29/2024,3,6,A,32
402,Siobhan,Filgate,sfilgateb5@hubpages.com,Female,120.225.15.85,Inhumas,,12/25/2023,5,5,B,28
403,Vassily,Glencross,vglencrossb6@stumbleupon.com,Male,219.106.197.132,Prilep,,11/22/2023,9,7,A,27
404,Yvette,Basketfield,ybasketfieldb7@liveinternet.ru,Female,112.236.27.246,Changyŏn,,1/22/2024,5,7,B,26
405,Enrichetta,Presswell,epresswellb8@hexun.com,Female,53.115.175.223,Boissy-Saint-Léger,,10/1/2023,7,5,B,36
406,Maisie,Largent,mlargentb9@canalblog.com,Female,139.15.22.26,Casal,,9/9/2023,14,8,A,36
407,Con,Huccaby,chuccabyba@woothemes.com,Female,0.230.9.130,Usatove,,12/5/2023,11,3,B,35
408,Pen,Kesten,pkestenbb@w3.org,Male,36.135.86.100,Yangzhuang,,8/6/2024,7,1,A,35
409,Artemis,Pauleit,apauleitbc@gov.uk,Male,93.41.225.111,Srinagarindra,,12/16/2023,5,6,B,28
410,Caspar,Dobrovolski,cdobrovolskibd@gmpg.org,Male,13.196.27.45,Shaxi,,6/8/2024,3,12,A,30
411,Carry,Amott,camottbe@mozilla.org,Female,15.160.212.233,Ostrów Wielkopolski,,12/30/2023,2,1,B,27
412,Berny,Megarrell,bmegarrellbf@xrea.com,Female,153.231.156.30,Tamansari,,11/17/2023,9,8,A,31
413,Nolana,Hullyer,nhullyerbg@aol.com,Female,75.53.74.87,Ruukki,,6/22/2024,3,4,A,25
414,Krystal,Whybrow,kwhybrowbh@mayoclinic.com,Genderfluid,48.180.249.145,Itumbiara,,12/1/2023,7,2,B,24
415,Melva,Pregal,mpregalbi@dell.com,Genderfluid,52.151.100.112,Huolianpo,,7/14/2024,2,7,A,22
416,Ronny,Jencey,rjenceybj@si.edu,Male,157.237.127.64,Krenggan,,2/25/2024,10,1,A,34
417,Thornie,Kondratyuk,tkondratyukbk@epa.gov,Male,121.141.146.124,Alor Setar,,7/17/2024,13,3,A,30
418,Butch,Costanza,bcostanzabl@un.org,Male,34.186.168.125,Maştağa,,12/21/2023,5,5,B,22
419,Misti,Hussy,mhussybm@histats.com,Female,231.224.254.22,Segovia,,5/3/2024,6,7,B,25
420,Leia,Cartmer,lcartmerbn@weather.com,Female,178.45.213.71,Candelária,,6/11/2024,5,6,B,31
421,Dean,Vaillant,dvaillantbo@xing.com,Male,251.216.55.186,Oslo,,7/13/2024,14,5,B,29
422,Lanni,Fuzzard,lfuzzardbp@xinhuanet.com,Female,166.252.216.77,Pyrgetós,,7/30/2024,9,3,B,26
423,Kippy,Schops,kschopsbq@woothemes.com,Female,54.28.195.122,Sonsón,,5/17/2024,8,2,B,27
424,Merrily,Gable,mgablebr@spotify.com,Female,39.183.5.50,Kubang,,5/26/2024,6,4,B,34
425,Gavra,Laing,glaingbs@yolasite.com,Female,162.176.10.78,Charlottenberg,,9/14/2023,1,2,B,34
426,Gwendolen,Vergo,gvergobt@ted.com,Female,129.121.143.95,Los Guayos,,2/20/2024,1,2,B,30
427,Francis,Fradgley,ffradgleybu@livejournal.com,Male,168.50.57.79,Símantra,,12/18/2023,1,5,B,25
428,Gayle,Paulack,gpaulackbv@t.co,Female,195.187.45.59,Kobryn,,10/5/2023,2,1,B,24
429,Dorita,Kitchingman,dkitchingmanbw@vimeo.com,Bigender,232.149.82.167,El Dividive,,12/8/2023,11,11,A,34
430,Pennie,Larcombe,plarcombebx@cmu.edu,Genderqueer,180.15.41.86,Torbeyevo,,2/12/2024,1,6,B,20
431,Giorgi,Canner,gcannerby@harvard.edu,Male,231.52.110.137,Kavār,,6/30/2024,8,4,B,34
432,Mala,Gavriel,mgavrielbz@tamu.edu,Female,120.132.0.17,Ţūlkarm,,3/27/2024,2,6,A,40
433,Hamlin,Saphir,hsaphirc0@census.gov,Male,54.228.74.48,Sernancelhe,,1/21/2024,7,9,A,32
434,Nickola,Phalp,nphalpc1@nps.gov,Male,246.23.234.160,Vishnyakovskiye Dachi,,12/18/2023,2,8,B,26
435,Rafe,Fiddian,rfiddianc2@auda.org.au,Male,123.195.113.28,Conselheiro Lafaiete,,5/19/2024,20,6,A,25
436,Lucais,Fourcade,lfourcadec3@360.cn,Male,3.95.44.234,Campina Grande do Sul,,4/11/2024,2,7,A,32
437,Ogden,Albion,oalbionc4@jiathis.com,Male,143.252.2.114,Pogórze,,4/27/2024,9,1,A,29
438,Erskine,Korlat,ekorlatc5@flickr.com,Male,94.95.86.13,Oliveira de Frades,,1/15/2024,18,3,A,30
439,Jordon,Matyas,jmatyasc6@miibeian.gov.cn,Male,19.128.46.194,Magapit,,6/30/2024,1,7,B,34
440,Donnell,Rogerot,drogerotc7@cmu.edu,Male,83.79.72.58,Kool Tengah,,12/11/2023,3,6,B,28
441,Trudi,Boullin,tboullinc8@businessweek.com,Female,125.118.163.230,Gonghe,,10/27/2023,15,8,A,33
442,Benjamen,Kleinschmidt,bkleinschmidtc9@woothemes.com,Genderfluid,228.208.28.167,Qiangtou,,11/10/2023,1,7,A,26
443,Simone,Vallentin,svallentinca@qq.com,Genderqueer,6.174.39.52,Madrid,,1/25/2024,14,5,A,31
444,Elora,Nannetti,enannetticb@army.mil,Female,127.211.71.131,Łeba,,8/27/2023,1,3,A,34
445,Gardy,Ghest,gghestcc@xrea.com,Male,68.252.80.186,Chengbei,,11/30/2023,2,1,B,24
446,Modestine,Penticost,mpenticostcd@oakley.com,Female,57.88.51.67,Konga,,4/24/2024,3,6,A,39
447,Consalve,Roistone,croistonece@printfriendly.com,Male,149.220.188.99,Fort Worth,,4/3/2024,10,1,B,30
448,Kelila,Lichfield,klichfieldcf@123-reg.co.uk,Female,90.40.68.63,Norakert,,2/8/2024,1,7,A,34
449,Gustavo,Fieldgate,gfieldgatecg@aboutads.info,Agender,231.164.0.10,Henggouqiao,,2/3/2024,5,9,A,35
450,Marco,Olner,molnerch@altervista.org,Male,39.221.26.99,Catujal Velho,,7/19/2024,8,4,B,29
451,Bald,Howgill,bhowgillci@deviantart.com,Male,255.210.59.78,Kalilu,,12/12/2023,8,4,B,29
452,Merrill,Burnhams,mburnhamscj@ed.gov,Female,168.194.34.140,Mangkon Daja,,8/6/2024,7,3,B,25
453,Lorenzo,McDermid,lmcdermidck@ehow.com,Male,175.138.36.226,Mompós,,8/26/2023,9,1,A,31
454,Waiter,Sommerville,wsommervillecl@ifeng.com,Male,118.196.252.120,Chrysoúpolis,,1/22/2024,4,5,A,20
455,Rica,Lapley,rlapleycm@techcrunch.com,Bigender,24.176.208.162,Sindangsari,,2/15/2024,6,7,B,32
456,Jessamine,Grimmolby,jgrimmolbycn@topsy.com,Female,232.208.69.224,Xifengshan,,8/20/2024,9,4,B,34
457,Joyous,Grigaut,jgrigautco@virginia.edu,Female,90.34.206.188,Castle Bruce,,4/5/2024,9,3,B,35
458,Hendrick,Tweddle,htweddlecp@yolasite.com,Male,11.201.251.155,Meishan,,9/25/2023,18,8,A,35
459,Lockwood,Wisniewski,lwisniewskicq@vkontakte.ru,Male,117.60.9.237,Onzaga,,11/4/2023,1,5,B,27
460,Gloriane,Beavon,gbeavoncr@typepad.com,Female,15.42.212.91,Višnjićevo,,9/10/2023,7,7,A,23
461,Halsey,Dugald,hdugaldcs@dell.com,Genderqueer,21.151.163.190,Hedong,,4/2/2024,9,6,A,29
462,Tripp,Robillart,trobillartct@sbwire.com,Male,143.115.88.189,Daxbet,,5/21/2024,2,8,B,30
463,Frank,McIlraith,fmcilraithcu@illinois.edu,Female,41.93.84.149,São Carlos,,8/29/2023,10,10,B,30
464,Caroljean,Galbraeth,cgalbraethcv@rambler.ru,Female,204.205.124.89,Yunxian Chengguanzhen,,10/3/2023,7,5,B,29
465,Roanna,Bradwell,rbradwellcw@newsvine.com,Female,158.76.45.208,Shengze,,8/24/2023,5,7,A,23
466,Maddy,Huet,mhuetcx@cdbaby.com,Genderfluid,6.0.189.142,Maying,,4/2/2024,13,6,A,34
467,Law,Ree,lreecy@clickbank.net,Male,234.42.210.169,Krzanowice,,6/18/2024,3,6,B,30
468,Weber,Rodolfi,wrodolficz@alibaba.com,Male,38.229.243.119,Maintang,,12/6/2023,3,8,B,19
469,Keir,Peschmann,kpeschmannd0@army.mil,Male,143.244.111.89,Karawatung,,8/9/2024,2,3,B,28
470,Tirrell,Lougheed,tlougheedd1@chronoengine.com,Male,201.38.102.244,Ulundi,,8/28/2023,1,1,B,29
471,Jami,De Beauchemp,jdebeauchempd2@elpais.com,Female,90.238.176.64,Borovikha,,2/20/2024,14,3,A,35
472,Harlin,Babon,hbabond3@miitbeian.gov.cn,Male,41.88.229.152,Colos,,11/2/2023,1,5,B,34
473,Nara,Kisar,nkisard4@vkontakte.ru,Female,149.230.208.201,Brooklyn,,10/14/2023,5,1,B,25
474,Aylmar,Currin,acurrind5@nature.com,Male,242.202.255.209,Le Mans,,1/21/2024,4,6,B,22
475,Edan,Padilla,epadillad6@guardian.co.uk,Male,53.62.234.184,Intipucá,,5/10/2024,10,7,A,27
476,Rogers,Hopfer,rhopferd7@weather.com,Male,250.152.1.49,Kondinskoye,,4/24/2024,5,8,B,36
477,Ashlan,Canto,acantod8@fda.gov,Bigender,58.170.232.232,Volgo-Kaspiyskiy,,7/10/2024,4,9,B,33
478,Ferd,Linne,flinned9@friendfeed.com,Male,132.137.66.206,Oborniki Śląskie,,4/17/2024,11,5,A,34
479,Rhoda,Grinnov,rgrinnovda@unesco.org,Female,41.13.38.113,Adirejo,,12/13/2023,8,10,B,24
480,Giacomo,Cudd,gcudddb@indiatimes.com,Male,144.88.68.220,Fak Tha,,6/21/2024,3,6,A,30
481,Ferd,Dutt,fduttdc@cdbaby.com,Male,144.27.206.215,Buraen,,6/29/2024,8,7,B,29
482,Corri,Parminter,cparminterdd@cisco.com,Female,120.126.142.131,Duping,,11/10/2023,1,5,A,23
483,Elwin,Sokill,esokillde@mapy.cz,Polygender,82.90.53.251,Chornobay,,11/12/2023,7,7,A,35
484,Lennard,Harmeston,lharmestondf@archive.org,Male,61.87.5.126,Kaom,,10/5/2023,6,1,B,29
485,Mersey,Revie,mreviedg@edublogs.org,Bigender,56.141.50.74,Rio Grande,,12/8/2023,3,6,B,30
486,Carri,Van Salzberger,cvansalzbergerdh@live.com,Genderqueer,192.40.147.71,Smederevo,,10/24/2023,17,9,A,35
487,Roderigo,Sterricks,rsterricksdi@usatoday.com,Male,166.183.91.197,Campechuela,,9/26/2023,11,7,A,30
488,Huberto,Bocock,hbocockdj@joomla.org,Male,149.139.39.214,Januszkowice,,1/24/2024,9,5,A,45
489,Engracia,Dawson,edawsondk@icq.com,Female,218.21.43.159,Brest,,6/14/2024,6,6,A,32
490,Devinne,Pancoust,dpancoustdl@chron.com,Female,247.139.116.91,Baitoa,,2/20/2024,7,9,A,27
491,Lorianna,Swinyard,lswinyarddm@edublogs.org,Female,173.153.36.56,Rimbo,,5/22/2024,1,4,B,25
492,Mariette,Fitzpatrick,mfitzpatrickdn@godaddy.com,Female,233.28.83.68,Lagnieu,,10/30/2023,16,4,A,31
493,Marget,Calliss,mcallissdo@cpanel.net,Female,218.170.214.64,Sartana,,11/10/2023,9,3,A,31
494,Itch,Houtby,ihoutbydp@over-blog.com,Male,138.58.56.227,Zamboanguita,,4/8/2024,7,8,A,25
495,Rhiamon,Scanlin,rscanlindq@yelp.com,Female,7.59.181.50,Rossosh’,,11/2/2023,10,4,A,20
496,Hadrian,Vize,hvizedr@issuu.com,Male,41.21.38.117,Ängelholm,,8/4/2024,16,4,A,28
497,Baxter,Hesey,bheseyds@weather.com,Male,202.245.157.41,Gamagōri,,7/10/2024,8,5,B,32
498,Glynn,Hardage,ghardagedt@blogger.com,Male,194.188.79.64,Huangtan,,4/18/2024,7,2,B,31
499,Bette,Espadater,bespadaterdu@weibo.com,Female,245.43.182.36,Shimen,,4/2/2024,12,5,A,31
500,Geoff,McComish,gmccomishdv@reuters.com,Genderfluid,34.221.193.151,Dawei,,3/11/2024,1,3,A,42
501,Johnette,Habens,jhabensdw@so-net.ne.jp,Female,55.185.121.63,Horodnya,,6/17/2024,1,5,A,36
502,Adriena,Regglar,aregglardx@pagesperso-orange.fr,Female,15.245.101.186,Nova Olímpia,,4/18/2024,3,4,B,26
503,Cristy,Varnals,cvarnalsdy@columbia.edu,Non-binary,200.119.77.128,Chelbasskaya,,11/6/2023,9,8,B,29
504,Shirlee,Wellum,swellumdz@smugmug.com,Female,124.232.186.236,Añatuya,,2/11/2024,3,8,B,27
505,Gilberte,Payton,gpaytone0@dmoz.org,Female,183.208.254.145,Yifaquan,,12/10/2023,1,7,A,30
506,Emanuele,Elcock,eelcocke1@istockphoto.com,Male,244.66.98.146,Täby,,4/30/2024,7,3,A,35
507,Joanne,Jamrowicz,jjamrowicze2@shareasale.com,Female,54.239.55.20,Artashat,,3/7/2024,8,5,A,26
508,Gilberte,Augustin,gaugustine3@google.ru,Female,201.170.93.152,Biaokou,,3/6/2024,6,5,B,29
509,Maire,Kennaird,mkennairde4@is.gd,Female,43.148.230.143,Manjing,,1/24/2024,17,3,A,38
510,Nixie,Chatel,nchatele5@uol.com.br,Female,149.8.3.20,Karakol,,6/19/2024,2,6,B,22
511,Vale,Braddick,vbraddicke6@weebly.com,Male,13.152.8.210,Ryglice,,1/27/2024,1,1,B,18
512,Nonna,Young,nyounge7@fastcompany.com,Female,10.155.97.69,Tafeng,,4/7/2024,10,3,B,28
513,Lissie,Bartolommeo,lbartolommeoe8@marriott.com,Female,169.227.65.238,Shigu,,6/24/2024,6,3,A,26
514,Emlen,Steketee,esteketeee9@independent.co.uk,Male,31.74.164.146,Brignoles,,7/7/2024,8,9,A,22
515,Lizzie,Mackney,lmackneyea@buzzfeed.com,Female,150.106.203.73,Pasar Kulon,,1/8/2024,8,7,A,29
516,Rozella,Segeswoeth,rsegeswoetheb@com.com,Female,187.212.237.63,Werangere,,11/29/2023,5,6,A,27
517,Gale,Wilstead,gwilsteadec@sfgate.com,Male,174.226.120.233,Thepharak,,5/22/2024,1,5,B,21
518,Margaret,Pleming,mpleminged@flickr.com,Female,233.47.214.17,Bambuí,,2/13/2024,12,4,B,22
519,Andria,Bartles,abartlesee@mayoclinic.com,Female,10.246.42.228,Caála,,10/15/2023,2,5,B,24
520,Dasi,Kimberley,dkimberleyef@last.fm,Genderfluid,9.138.37.223,Bobadela,,12/24/2023,8,5,B,23
521,Andros,Prue,aprueeg@gov.uk,Male,152.35.196.10,Tumaco,,12/19/2023,1,6,A,34
522,Titus,Caudray,tcaudrayeh@ucsd.edu,Genderqueer,152.49.196.226,Lianghu,,8/18/2024,7,9,A,29
523,Elora,Gartery,egarteryei@domainmarket.com,Female,238.212.194.132,Changzhi,,2/23/2024,10,6,B,29
524,Timofei,Kleiner,tkleinerej@prlog.org,Male,194.252.155.50,Pampas,,4/20/2024,11,7,B,23
525,Berrie,Adamou,badamouek@sciencedaily.com,Female,246.122.108.4,Saint-Jean-de-Luz,,3/30/2024,1,7,B,37
526,Alexandr,Castiglione,acastiglioneel@example.com,Male,226.36.18.79,Quilo-quilo,,3/26/2024,1,5,B,24
527,Byron,Fer,bferem@amazon.co.uk,Bigender,243.212.125.78,Ta`ū,,3/4/2024,8,9,B,20
528,Wake,Franckton,wfrancktonen@cbsnews.com,Male,7.73.197.139,Aniso,,11/19/2023,4,2,A,40
529,Scotty,Seear,sseeareo@free.fr,Male,117.229.7.231,Quzi,,8/4/2024,3,7,B,31
530,Errol,Kellington,ekellingtonep@live.com,Non-binary,201.35.133.148,Independencia,,8/8/2024,6,5,B,22
531,Fonz,Mityakov,fmityakoveq@mediafire.com,Male,185.48.148.162,Teresita,,2/16/2024,18,10,A,38
532,Prescott,Aumerle,paumerleer@disqus.com,Male,99.211.75.166,Betong,,10/8/2023,10,1,B,28
533,Bab,Woodger,bwoodgeres@huffingtonpost.com,Female,56.39.143.58,Colcabamba,,5/19/2024,2,4,A,28
534,Kylie,Beall,kbeallet@i2i.jp,Agender,114.112.158.57,Atlanta,,9/21/2023,1,11,A,39
535,Barth,Edeler,bedelereu@tinypic.com,Male,221.122.238.201,Sulengwaseng,,11/21/2023,12,9,A,35
536,Mar,Blaker,mblakerev@mlb.com,Male,175.205.233.96,Sukatani,,5/14/2024,9,7,A,37
537,Lucina,Eagers,leagersew@epa.gov,Female,31.188.211.247,Groningen,,4/24/2024,5,8,B,33
538,Trisha,Glowacz,tglowaczex@sohu.com,Female,174.140.131.199,Świebodzice,,7/31/2024,5,3,B,39
539,Henrik,Coggon,hcoggoney@youtube.com,Male,172.30.54.32,Baroy,,5/30/2024,1,1,A,29
540,Manon,Ginnally,mginnallyez@tumblr.com,Female,49.166.45.193,Smedjebacken,,7/1/2024,2,5,A,24
541,Westbrooke,Aimable,waimablef0@surveymonkey.com,Male,231.13.97.211,Dazu,,1/10/2024,5,8,B,15
542,Jonathan,Maffei,jmaffeif1@flavors.me,Male,143.78.114.175,Martensville,,9/27/2023,4,5,A,30
543,Nicoline,Coutthart,ncoutthartf2@bizjournals.com,Female,76.114.93.38,Lebak,,12/10/2023,11,4,A,27
544,Sondra,Battersby,sbattersbyf3@wikimedia.org,Female,193.222.209.253,Guadalupe,,3/6/2024,1,5,B,28
545,Maryann,Whyffen,mwhyffenf4@mlb.com,Female,49.56.97.245,Nanyang,,7/11/2024,7,8,A,28
546,Jennine,Alsford,jalsfordf5@umich.edu,Female,64.55.205.251,Bangekdewa,,6/28/2024,10,7,B,17
547,Trip,Bohlje,tbohljef6@php.net,Male,167.196.158.248,Pantin,,11/7/2023,3,4,A,32
548,Dan,MacCafferky,dmaccafferkyf7@google.cn,Male,124.66.167.192,Baisha,,7/10/2024,11,2,A,24
549,Shel,Cashell,scashellf8@dropbox.com,Female,95.137.68.193,Airuk,,3/12/2024,9,3,B,24
550,Gianni,Bandy,gbandyf9@gnu.org,Male,187.144.75.116,Punta Cana,,2/19/2024,7,8,A,36
551,Gerrie,Woodsford,gwoodsfordfa@delicious.com,Female,106.169.137.207,Kinatakutan,,10/9/2023,13,2,A,26
552,Chuck,Yurocjkin,cyurocjkinfb@huffingtonpost.com,Male,135.96.254.158,Jovellar,,2/27/2024,7,10,B,18
553,Durward,Wooldridge,dwooldridgefc@studiopress.com,Male,211.74.97.162,Liloan,,8/21/2024,4,6,B,35
554,Hadlee,Northing,hnorthingfd@slate.com,Male,81.149.224.231,Baoli,,7/14/2024,9,11,A,13
555,Vick,Crisall,vcrisallfe@networkadvertising.org,Genderqueer,78.51.190.237,Santa Cruz del Sur,,8/31/2023,1,9,A,31
556,Beniamino,Fawckner,bfawcknerff@stanford.edu,Male,125.232.145.25,Luyang,,11/4/2023,9,4,A,28
557,Fannie,Cassell,fcassellfg@nba.com,Female,24.90.126.218,Drobin,,8/1/2024,6,7,B,20
558,Sybil,Simka,ssimkafh@dmoz.org,Female,228.28.59.26,Topchikha,,7/4/2024,1,7,B,26
559,Idelle,Yersin,iyersinfi@sciencedirect.com,Female,58.145.65.229,Dongguang,,11/29/2023,12,4,A,25
560,Clim,Ewols,cewolsfj@stanford.edu,Male,131.65.148.58,Verkhnyaya Belka,,4/11/2024,5,4,B,34
561,Geneva,Rebichon,grebichonfk@reddit.com,Female,176.224.139.117,Shuishiying,,10/21/2023,1,3,B,25
562,Mikel,Ovid,movidfl@usda.gov,Male,199.27.166.97,Buenavista,,4/7/2024,4,6,A,27
563,Xylina,Dorant,xdorantfm@miibeian.gov.cn,Agender,5.70.2.69,La Paz,,5/15/2024,7,7,A,23
564,Darrell,Clutheram,dclutheramfn@prweb.com,Male,218.60.49.200,Kousa,,11/20/2023,13,7,A,24
565,Lamont,Charlton,lcharltonfo@theguardian.com,Male,240.252.19.150,Iradan,,9/14/2023,1,4,B,31
566,Ermina,Wannan,ewannanfp@merriam-webster.com,Female,73.143.2.99,Barajalan,,10/14/2023,3,8,B,34
567,Riva,MacTrustam,rmactrustamfq@nih.gov,Female,48.5.1.126,Bech,,9/13/2023,7,5,A,34
568,Lazare,Manueau,lmanueaufr@smh.com.au,Male,18.60.233.46,Bungur,,1/12/2024,12,12,A,24
569,Theo,Medmore,tmedmorefs@tuttocitta.it,Male,20.238.160.18,Jinshanpu,,9/6/2023,5,5,A,28
570,Buddy,Sexten,bsextenft@yolasite.com,Male,97.140.64.120,Dedenëvo,,9/15/2023,1,12,B,32
571,Bryn,Scawton,bscawtonfu@livejournal.com,Non-binary,15.69.168.235,Hulyaypole,,5/24/2024,11,14,A,25
572,Simonette,Wooderson,swoodersonfv@dmoz.org,Female,96.152.49.52,Xianghe,,12/11/2023,1,2,B,38
573,Donetta,Batalini,dbatalinifw@telegraph.co.uk,Female,254.92.71.159,Idrinskoye,,1/13/2024,13,9,A,29
574,Eudora,Evett,eevettfx@gmpg.org,Female,230.223.139.147,Cruz,,5/16/2024,14,7,A,28
575,Alfonse,Guare,aguarefy@wsj.com,Male,142.66.17.59,Bratislava,,11/21/2023,4,5,B,17
576,Silas,Wilshere,swilsherefz@cnbc.com,Male,126.180.246.182,Baraba,,9/29/2023,1,8,B,32
577,Burg,Easter,beasterg0@indiatimes.com,Male,83.195.99.208,Koryčany,,5/15/2024,6,8,A,25
578,Philomena,OIlier,poilierg1@wordpress.org,Female,148.199.193.43,Uitiuhtuan,,6/17/2024,15,6,A,28
579,Hilly,Severs,hseversg2@flickr.com,Male,114.242.228.161,Nangalimang,,8/19/2024,6,5,B,32
580,Joshia,Balderstone,jbalderstoneg3@godaddy.com,Male,31.100.222.173,Sembalunbumbung,,4/20/2024,4,3,A,34
581,Meade,Sherrington,msherringtong4@theglobeandmail.com,Male,76.181.90.88,Now Zād,,5/13/2024,6,10,B,32
582,Catharina,Norwell,cnorwellg5@aol.com,Female,37.70.141.140,El Paisnal,,2/19/2024,5,3,B,30
583,Trace,Spoure,tspoureg6@irs.gov,Male,11.106.96.11,Rodolívos,,3/26/2024,1,7,B,30
584,Garvin,Ealden,gealdeng7@bravesites.com,Male,108.120.186.67,Achoma,,10/13/2023,1,5,A,26
585,Wald,Fellgett,wfellgettg8@cyberchimps.com,Male,47.186.10.94,Jinhua,,4/15/2024,6,1,B,26
586,Ambrosio,Morican,amoricang9@patch.com,Male,31.172.75.131,Bazar-Korgon,,8/23/2023,12,3,A,33
587,Miltie,McPherson,mmcphersonga@cyberchimps.com,Male,109.253.1.50,São Sebastião,,5/21/2024,3,5,B,27
588,Vasili,Gibbon,vgibbongb@hp.com,Male,116.202.246.102,Ailigandí,,7/9/2024,3,2,B,30
589,Jozef,Kinglake,jkinglakegc@cam.ac.uk,Male,77.85.14.49,Uusikaupunki,,10/30/2023,8,5,B,30
590,Farlay,Garwell,fgarwellgd@discuz.net,Male,251.225.248.199,Luoqiao,,6/1/2024,17,8,A,37
591,Judith,Kilmartin,jkilmartinge@lycos.com,Female,95.142.47.108,Chwaszczyno,,8/5/2024,8,10,A,31
592,Jennica,Renn,jrenngf@google.co.uk,Female,103.135.242.162,Volodymyr-Volyns’kyy,,7/13/2024,1,5,B,24
593,Olwen,Bolderson,oboldersongg@bizjournals.com,Female,249.133.190.11,Jõgeva,,7/30/2024,9,4,B,33
594,Artur,Snowsill,asnowsillgh@mac.com,Male,105.46.202.197,Nishiwaki,,9/3/2023,9,10,A,27
595,Inglis,Broggio,ibroggiogi@godaddy.com,Male,7.32.230.194,Osasco,,2/1/2024,15,10,B,29
596,Chaunce,Fabry,cfabrygj@hud.gov,Male,234.203.66.244,Carenang Lor,,8/19/2024,6,3,B,30
597,Howie,Matys,hmatysgk@google.ca,Male,200.86.229.160,Zhongshan,,6/26/2024,3,8,A,35
598,Mitzi,Ennion,menniongl@admin.ch,Genderfluid,6.137.177.186,Bochum,,10/10/2023,2,4,B,30
599,Hedvig,Vatini,hvatinigm@biblegateway.com,Female,137.43.115.53,Hegarmulya,,3/14/2024,11,8,A,24
600,Nichole,Berrycloth,nberryclothgn@hp.com,Female,50.190.75.200,Guanghai,,9/30/2023,4,2,B,26
601,Dinah,Winwright,dwinwrightgo@illinois.edu,Female,23.162.86.151,Jinhui,,9/20/2023,3,2,A,35
602,Lenore,Binden,lbindengp@miitbeian.gov.cn,Female,35.147.222.74,Talca,,10/14/2023,1,2,B,41
603,Marlena,Minchinton,mminchintongq@bandcamp.com,Female,77.166.143.241,Xujiafang,,11/8/2023,6,9,A,23
604,Penelopa,Gough,pgoughgr@wikispaces.com,Non-binary,202.230.149.223,Casal do Conde,,12/3/2023,3,3,A,22
605,Laraine,Beebe,lbeebegs@apple.com,Female,162.245.245.168,Itororó,,4/9/2024,17,7,B,28
606,Athene,Charteris,acharterisgt@usa.gov,Female,215.17.139.224,Soest,,5/8/2024,11,9,A,36
607,Wynny,Davidge,wdavidgegu@wikimedia.org,Female,101.173.94.250,Pujijie,,7/4/2024,6,7,B,37
608,Aldus,Scotford,ascotfordgv@woothemes.com,Male,188.133.253.118,Vale de Madeiros,,5/15/2024,4,7,A,30
609,Christyna,Harlin,charlingw@forbes.com,Female,210.162.105.150,Mölndal,,9/3/2023,9,4,A,20
610,Lula,Sowrah,lsowrahgx@sfgate.com,Female,220.216.178.72,Xinhe,,12/24/2023,1,6,B,29
611,Weber,Bohden,wbohdengy@mit.edu,Male,143.169.9.148,Taungoo,,10/19/2023,3,6,B,23
612,Morton,Morden,mmordengz@va.gov,Male,237.54.12.219,Ōfunato,,11/22/2023,10,1,A,28
613,Rory,McGoon,rmcgoonh0@indiegogo.com,Female,244.229.79.185,Cikuda,,3/16/2024,1,5,A,30
614,Shayla,Crauford,scraufordh1@reuters.com,Female,47.112.0.247,Tiberias,,10/2/2023,5,4,A,32
615,Rocky,Machent,rmachenth2@over-blog.com,Male,136.100.119.22,Miānwāli,,7/16/2024,5,9,A,46
616,Hogan,Gravie,hgravieh3@sakura.ne.jp,Male,35.186.86.222,Ōhara,,7/12/2024,9,10,A,39
617,Guy,Gotter,ggotterh4@cnet.com,Male,186.58.69.91,Quxia,,5/17/2024,3,1,B,19
618,Mohammed,Lomas,mlomash5@google.co.jp,Polygender,160.57.137.140,Charras,,3/26/2024,7,6,B,27
619,Bendite,Skain,bskainh6@merriam-webster.com,Agender,227.206.128.123,Bairro Assunção Piedade,,8/12/2024,9,7,A,33
620,Annabel,Dodswell,adodswellh7@usnews.com,Female,188.72.14.17,Zhenhai,,10/19/2023,2,9,A,35
621,Samaria,Vamplers,svamplersh8@merriam-webster.com,Female,251.134.30.204,Disina,,5/17/2024,8,5,A,24
622,Carmelita,Bony,cbonyh9@icq.com,Female,155.101.48.33,Lunas,,9/15/2023,8,4,A,34
623,Gillian,Manuelli,gmanuelliha@businessweek.com,Female,33.189.238.97,Nova Iguaçu,,8/22/2023,21,11,A,20
624,Kimmi,Bearne,kbearnehb@freewebs.com,Female,176.20.149.15,Olmos,,4/28/2024,4,9,B,26
625,Neill,Jorden,njordenhc@goo.ne.jp,Male,243.2.235.244,Broby,,10/4/2023,8,6,A,30
626,Hew,Kelly,hkellyhd@furl.net,Male,36.49.74.159,Aveleda,,8/10/2024,6,4,B,29
627,Marcela,Atwell,matwellhe@rambler.ru,Female,151.13.99.63,Patrang,,12/8/2023,8,3,A,23
628,Waylen,Garnall,wgarnallhf@china.com.cn,Male,14.143.83.143,El Triunfo de la Cruz,,12/28/2023,3,8,A,19
629,Maurice,Simonsson,msimonssonhg@linkedin.com,Male,62.130.90.131,Gus’-Khrustal’nyy,,6/24/2024,13,5,A,30
630,Desirae,Crudge,dcrudgehh@weebly.com,Genderfluid,9.208.208.184,Kato Pyrgos,,9/1/2023,19,6,A,17
631,Ferdinande,Yablsley,fyablsleyhi@constantcontact.com,Female,231.143.208.210,Luzhai,,3/4/2024,6,3,B,36
632,Carry,Mattheissen,cmattheissenhj@archive.org,Female,209.212.81.153,Fangqiang,,3/10/2024,5,6,B,28
633,Theodore,Raulstone,traulstonehk@wordpress.org,Male,41.215.153.86,Växjö,,6/5/2024,17,4,A,28
634,Richard,Longo,rlongohl@sciencedaily.com,Male,170.100.123.252,Shādegān,,9/18/2023,14,5,A,25
635,Jimmie,Rider,jriderhm@unesco.org,Male,128.209.157.101,Laohekou,,12/10/2023,8,4,A,30
636,Galen,Brownstein,gbrownsteinhn@fotki.com,Male,139.185.19.32,Kengkou,,11/30/2023,9,7,A,32
637,Margot,Ackroyd,mackroydho@joomla.org,Non-binary,107.168.82.152,Serh,,12/24/2023,2,6,A,33
638,Mendie,Marciskewski,mmarciskewskihp@rakuten.co.jp,Male,63.34.246.68,Sedayu,,5/19/2024,1,6,A,40
639,Finlay,Spinley,fspinleyhq@flickr.com,Male,78.16.105.120,Hołoby,,7/31/2024,3,7,A,30
640,Aggi,Mattisssen,amattisssenhr@cloudflare.com,Female,200.182.16.101,Shuyuan,,3/9/2024,11,4,B,29
641,Denyse,Paintain,dpaintainhs@gravatar.com,Female,36.150.227.56,Knyszyn,,5/26/2024,1,1,B,24
642,Tonya,Scamadine,tscamadineht@discuz.net,Female,91.62.175.35,Buriti Alegre,,10/20/2023,11,1,B,26
643,Berkly,Toquet,btoquethu@springer.com,Male,98.46.0.42,Vancouver,,6/20/2024,6,8,B,35
644,Merissa,Summerskill,msummerskillhv@sciencedaily.com,Female,111.111.136.79,Fairbanks,,11/12/2023,7,1,B,39
645,Amie,Mallender,amallenderhw@netscape.com,Female,98.183.163.3,Wangunjaya,,2/24/2024,1,3,A,32
646,Granger,Di Biaggi,gdibiaggihx@elpais.com,Male,11.44.232.242,Vacha,,10/23/2023,1,4,B,31
647,Gwenni,Dorro,gdorrohy@seattletimes.com,Female,51.200.245.7,Loja,,11/8/2023,1,2,A,21
648,Sabrina,Tighe,stighehz@theguardian.com,Female,13.6.93.119,Ipojuca,,5/10/2024,5,1,A,25
649,Marris,Abbotts,mabbottsi0@nytimes.com,Female,171.254.233.29,Glyadyanskoye,,4/5/2024,10,6,B,29
650,Manolo,Morsom,mmorsomi1@indiatimes.com,Male,199.109.157.41,Huaccana,,7/8/2024,7,2,B,28
651,Ailina,Crampsy,acrampsyi2@auda.org.au,Female,203.88.166.122,Banjarwaru,,7/12/2024,1,7,B,39
652,Rossie,McMurty,rmcmurtyi3@t-online.de,Male,95.111.196.112,Shirbīn,,8/24/2023,10,6,A,32
653,Jilleen,Ortelt,jortelti4@aboutads.info,Female,42.153.113.139,Seraya,,4/6/2024,1,3,B,24
654,Mirelle,Kulic,mkulici5@chicagotribune.com,Female,227.251.194.72,Khuma,,4/12/2024,10,8,B,33
655,Tierney,McPaike,tmcpaikei6@princeton.edu,Female,208.173.112.86,Kayasula,,10/27/2023,1,7,B,23
656,Tyrus,Wathell,twathelli7@example.com,Male,184.211.69.86,Andarapa,,7/1/2024,9,6,A,36
657,Wolf,Smewin,wsmewini8@example.com,Male,247.230.31.54,Preobrazhenka,,1/2/2024,6,5,A,21
658,Sioux,McKernan,smckernani9@cornell.edu,Female,64.246.169.120,Togitsu,,3/3/2024,1,2,B,25
659,Malinda,Behning,mbehningia@google.com,Female,71.224.103.95,Tiechang,,4/2/2024,5,6,A,30
660,Alfie,Whittlesee,awhittleseeib@t.co,Female,39.161.17.53,Lashio,,9/28/2023,9,3,B,29
661,Petr,Finci,pfinciic@nature.com,Male,36.247.124.27,Nova Viçosa,,8/4/2024,8,3,B,26
662,Shannen,Atte-Stone,sattestoneid@nymag.com,Female,160.6.113.215,Cergy-Pontoise,,7/11/2024,6,10,B,24
663,Nessi,Relton,nreltonie@liveinternet.ru,Female,55.207.144.215,Qulsary,,8/27/2023,1,6,A,29
664,Donnie,Smurfitt,dsmurfittif@tmall.com,Female,32.106.252.228,El Zapote,,6/18/2024,10,7,A,38
665,Rolf,Fardon,rfardonig@freewebs.com,Male,166.80.132.71,Yufrus,,4/27/2024,17,6,A,26
666,Frederico,Rubinek,frubinekih@gov.uk,Male,86.213.218.208,Arapuey,,7/27/2024,13,3,A,32
667,Jessie,Jehu,jjehuii@phoca.cz,Female,15.3.22.28,Kawasaki,,5/28/2024,6,1,A,34
668,Nelly,Tilmouth,ntilmouthij@slashdot.org,Female,238.214.31.175,Lower Hutt,,1/2/2024,1,7,B,26
669,Drugi,Buret,dburetik@nih.gov,Male,14.212.159.188,Kuršėnai,,10/30/2023,3,7,B,21
670,Cullen,Bramah,cbramahil@arizona.edu,Male,254.215.216.201,Samashki,,5/29/2024,8,11,A,30
671,Collin,Tiernan,ctiernanim@odnoklassniki.ru,Male,115.162.200.207,Umi,,9/12/2023,6,5,A,28
672,Dacey,de Vaen,ddevaenin@printfriendly.com,Female,37.237.122.123,Haljala,,11/4/2023,1,7,B,20
673,Cristabel,Klimowicz,cklimowiczio@imgur.com,Female,47.2.13.169,Budapest,,5/22/2024,7,10,B,28
674,Cookie,Radclyffe,cradclyffeip@t-online.de,Female,232.70.112.36,Magan,,4/27/2024,8,7,B,30
675,Sella,Shuttell,sshuttelliq@ihg.com,Female,85.176.160.84,Tanumshede,,1/20/2024,7,8,A,48
676,Derick,Markus,dmarkusir@ebay.co.uk,Male,97.86.69.16,Bintuni,,5/13/2024,4,5,B,29
677,Dorice,Esbrook,desbrookis@baidu.com,Female,3.190.103.123,Alta,,11/22/2023,3,5,B,26
678,Keeley,Poore,kpooreit@forbes.com,Female,85.90.222.120,Zolotyy Potik,,1/30/2024,5,2,B,32
679,Kayle,Kerr,kkerriu@bizjournals.com,Non-binary,213.105.17.252,Oak Bay,,3/15/2024,6,8,A,35
680,Brocky,Fidoe,bfidoeiv@cdbaby.com,Male,147.57.247.140,Urungpigang,,5/6/2024,4,7,B,18
681,Edmund,McBeath,emcbeathiw@cyberchimps.com,Male,200.46.190.1,Quemú Quemú,,11/25/2023,2,2,B,23
682,Isidora,Baldacchino,ibaldacchinoix@multiply.com,Female,231.28.157.116,Kathu,,11/25/2023,6,5,A,29
683,Drud,Curley,dcurleyiy@kickstarter.com,Male,0.185.64.238,Huadi,,11/26/2023,15,4,A,24
684,Stewart,McMillam,smcmillamiz@elpais.com,Male,241.232.15.140,Pung-Pang,,6/29/2024,5,9,A,30
685,Maxy,Standbridge,mstandbridgej0@narod.ru,Female,92.231.144.108,Doyong,,4/10/2024,5,4,B,22
686,Emyle,Hampshaw,ehampshawj1@liveinternet.ru,Bigender,77.169.236.70,Kaset Sombun,,6/18/2024,7,4,B,35
687,Gennifer,Justis,gjustisj2@furl.net,Bigender,176.81.230.41,Tenggina Daya,,8/1/2024,6,2,B,43
688,Erik,Blackden,eblackdenj3@guardian.co.uk,Male,158.68.18.27,Qixing,,6/28/2024,1,2,B,28
689,Alisun,Caddick,acaddickj4@homestead.com,Non-binary,201.51.109.104,Nanxing,,4/9/2024,3,5,B,33
690,Gale,Aingell,gaingellj5@biblegateway.com,Male,77.27.183.237,Muzaffargarh,,11/13/2023,1,5,B,28
691,Brandais,Fidge,bfidgej6@mail.ru,Female,16.34.219.80,Desnogorsk,,12/22/2023,7,2,B,34
692,Andrey,Siaspinski,asiaspinskij7@twitpic.com,Male,141.201.129.39,Gaplek,,12/24/2023,8,10,A,32
693,Jessie,Bulch,jbulchj8@umich.edu,Male,107.165.47.201,Fengyuan,,8/10/2024,4,5,A,30
694,Lina,Sell,lsellj9@jimdo.com,Female,42.201.63.45,Dole,,5/16/2024,4,6,B,36
695,Trescha,Knoles,tknolesja@hugedomains.com,Female,106.140.83.132,Prantaan,,4/3/2024,2,6,B,25
696,Angelica,Dunhill,adunhilljb@foxnews.com,Female,64.200.241.238,Qidu,,10/5/2023,8,4,B,22
697,Adriana,Lynock,alynockjc@time.com,Female,228.62.102.177,Otaslavice,,1/30/2024,5,3,B,38
698,Trescha,Corragan,tcorraganjd@loc.gov,Female,4.123.138.250,Myanaung,,4/28/2024,9,4,B,32
699,Witty,Sighart,wsighartje@drupal.org,Genderfluid,69.23.57.236,Barkly East,,10/6/2023,7,8,A,25
700,Jerrine,Van Halle,jvanhallejf@alibaba.com,Female,195.18.35.208,San Antonio,,11/27/2023,11,5,A,32
701,Tobit,Boorman,tboormanjg@ow.ly,Genderqueer,87.50.136.194,Paphos,,12/19/2023,1,7,B,29
702,Rochell,Birwhistle,rbirwhistlejh@va.gov,Female,35.110.124.14,Tangba,,11/29/2023,4,4,B,25
703,Virgie,Pedroli,vpedroliji@privacy.gov.au,Male,215.200.175.72,Jelat,,6/1/2024,4,7,A,28
704,Gil,Querrard,gquerrardjj@shutterfly.com,Male,24.186.223.199,Novosheshminsk,,5/30/2024,8,10,A,32
705,Katrine,Skarr,kskarrjk@mashable.com,Female,251.42.52.81,San Francisco,,12/25/2023,9,8,A,34
706,Llywellyn,Really,lreallyjl@geocities.com,Genderqueer,98.245.130.152,Kinmparana,,5/21/2024,8,1,B,27
707,Inga,Guppie,iguppiejm@clickbank.net,Female,220.210.81.171,Gŭlŭbovo,,4/6/2024,11,3,A,32
708,Alfie,Sammonds,asammondsjn@icio.us,Male,82.166.13.15,Paris 11,,4/27/2024,6,2,B,29
709,Lizzy,Addenbrooke,laddenbrookejo@weebly.com,Female,238.116.53.223,Jalinan,,8/24/2023,7,6,B,19
710,Gabby,Chessill,gchessilljp@zdnet.com,Male,205.177.239.33,Dongsheng,,6/29/2024,4,7,B,25
711,Johnnie,Proudley,jproudleyjq@mapquest.com,Genderfluid,10.157.104.189,Zhuping,,2/23/2024,6,8,B,25
712,Maureen,Hannigane,mhanniganejr@lycos.com,Female,94.36.156.49,Bayantal,,11/30/2023,11,9,A,23
713,Halsey,Corderoy,hcorderoyjs@zdnet.com,Male,132.50.32.22,Wola Sernicka,,7/26/2024,9,5,A,26
714,Bale,Norvel,bnorveljt@vk.com,Male,89.143.100.223,Qobustan,,9/25/2023,1,6,A,39
715,Valencia,Whatman,vwhatmanju@t.co,Female,179.207.226.77,Yermolino,,1/21/2024,6,6,A,19
716,Elysia,Nisuis,enisuisjv@forbes.com,Female,55.245.87.245,Fenglin,,5/4/2024,3,6,A,36
717,Pauli,Morgan,pmorganjw@goodreads.com,Female,220.214.151.93,Qaxa,,2/28/2024,5,6,B,26
718,Milty,Le Floch,mleflochjx@loc.gov,Non-binary,191.146.25.27,Baltimore,,11/21/2023,1,6,B,30
719,Venus,Battershall,vbattershalljy@va.gov,Female,45.109.254.140,Bastak,,7/5/2024,14,3,B,26
720,Odette,Mapham,omaphamjz@ow.ly,Female,240.129.29.51,El Escanito,,1/25/2024,10,5,B,24
721,Clay,Francke,cfranckek0@hubpages.com,Male,47.207.2.227,Yongledian,,9/7/2023,1,9,A,26
722,Jermaine,Olding,joldingk1@livejournal.com,Female,148.245.86.87,Marantao,,10/24/2023,2,9,A,31
723,Dorolice,McAllen,dmcallenk2@state.tx.us,Non-binary,246.201.163.210,Taipalsaari,,1/27/2024,16,8,A,37
724,Preston,Wagstaff,pwagstaffk3@domainmarket.com,Male,179.16.251.37,Trawniki,,7/26/2024,3,8,B,29
725,Patrizia,Escudier,pescudierk4@weather.com,Female,209.87.92.68,Long Beach,,7/15/2024,10,4,B,24
726,Kristy,Baudet,kbaudetk5@ox.ac.uk,Female,131.11.73.238,Kopidlno,,4/15/2024,2,3,B,26
727,Colly,Beevors,cbeevorsk6@360.cn,Female,44.15.243.122,Coroico,,7/20/2024,3,3,A,29
728,Gaelan,Cotman,gcotmank7@goo.gl,Male,1.243.150.80,Jiangduo,,2/11/2024,3,8,A,24
729,Craggie,Allsop,callsopk8@sciencedirect.com,Male,142.40.217.66,Isulan,,9/30/2023,16,6,B,25
730,Fonz,Liell,fliellk9@barnesandnoble.com,Male,131.11.182.50,Bājitpur,,6/23/2024,1,9,A,26
731,Ezmeralda,McLanachan,emclanachanka@sbwire.com,Female,55.153.241.85,Shilaoren,,12/15/2023,11,5,B,38
732,Cecelia,Freer,cfreerkb@washington.edu,Female,199.58.78.33,Ngulung Wetan,,12/19/2023,6,5,A,33
733,Kurt,Holburn,kholburnkc@studiopress.com,Male,101.38.47.179,Hanušovice,,6/15/2024,6,3,B,35
734,Candra,Leys,cleyskd@bloomberg.com,Female,81.160.111.57,Draginje,,3/1/2024,8,1,B,30
735,Milka,Muccino,mmuccinoke@topsy.com,Female,124.179.140.120,Boa Esperança,,10/13/2023,6,7,A,27
736,Krystal,Brookzie,kbrookziekf@nifty.com,Female,35.125.239.186,Sathing Phra,,5/21/2024,3,4,B,27
737,Kathryn,Borit,kboritkg@netscape.com,Female,169.144.84.111,Okigwi,,7/25/2024,3,2,B,33
738,Wilbert,Manes,wmaneskh@friendfeed.com,Male,255.114.65.129,Herzliya Pituah,,1/16/2024,3,4,B,33
739,Wadsworth,Beckles,wbeckleski@github.com,Genderqueer,171.11.204.153,Tegalrejo,,1/18/2024,3,10,A,39
740,Daffy,McCrory,dmccrorykj@elpais.com,Female,74.90.212.69,Utrecht (stad),,11/29/2023,3,1,A,27
741,Cori,Haddinton,chaddintonkk@ycombinator.com,Male,11.133.23.94,Stockholm,,5/5/2024,2,6,B,27
742,Horst,Wallicker,hwallickerkl@elpais.com,Male,191.131.37.117,Wilków,,9/27/2023,1,4,B,25
743,Scarlet,Buie,sbuiekm@businessweek.com,Female,47.254.39.244,Shuanggang,,8/11/2024,17,5,A,36
744,Court,Daveran,cdaverankn@nyu.edu,Male,27.179.20.42,Las Palmas,,5/14/2024,5,6,B,27
745,Pauly,Rodnight,prodnightko@yale.edu,Male,148.140.6.178,Itatinga,,4/8/2024,7,4,A,35
746,Thibaud,Cowle,tcowlekp@cafepress.com,Male,208.199.43.4,Herzliya Pituah,,4/17/2024,9,3,B,38
747,Marie-jeanne,Arkill,markillkq@yelp.com,Bigender,118.156.144.101,Korets’,,4/15/2024,5,11,A,39
748,Phil,Befroy,pbefroykr@tamu.edu,Female,215.23.115.169,Vyselki,,7/28/2024,17,6,A,38
749,Carol-jean,Dye,cdyeks@photobucket.com,Female,147.103.166.79,Banpu,,8/9/2024,3,3,B,18
750,Esra,Van der Brugge,evanderbruggekt@networksolutions.com,Male,14.205.33.244,Pantang,,5/25/2024,13,4,A,37
751,Correy,Ryles,crylesku@mail.ru,Non-binary,135.240.171.21,Tuburan,,12/1/2023,1,9,A,26
752,Dara,Acheson,dachesonkv@elegantthemes.com,Female,189.239.53.169,Xiangfeng,,4/10/2024,11,4,A,27
753,Corbin,Arcase,carcasekw@mit.edu,Male,192.56.182.25,Nianba,,10/10/2023,9,12,A,29
754,Thoma,Tewkesbury.,ttewkesburykx@epa.gov,Male,70.198.53.181,Sutton,,11/6/2023,1,7,B,21
755,Amanda,Petruszka,apetruszkaky@latimes.com,Female,166.47.241.230,Benito Juarez,,7/4/2024,21,9,A,27
756,Shanda,Berkeley,sberkeleykz@infoseek.co.jp,Female,49.180.2.64,Mishan,,11/20/2023,1,7,B,45
757,Crawford,Loutheane,cloutheanel0@boston.com,Male,120.145.83.141,Wangren,,7/4/2024,7,5,A,29
758,Darcy,Florio,dfloriol1@ted.com,Polygender,124.150.45.167,Puerto Natales,,8/1/2024,6,5,A,28
759,Freeman,Winckles,fwincklesl2@jalbum.net,Male,51.174.52.99,Tabwakea Village,,12/24/2023,4,6,A,21
760,Raymond,Glavis,rglavisl3@nymag.com,Male,40.63.222.150,Versailles,,10/17/2023,13,6,B,30
761,Eduardo,Davy,edavyl4@whitehouse.gov,Male,253.147.26.234,Erba,,4/1/2024,7,4,B,32
762,Flossi,Rockhill,frockhilll5@smh.com.au,Genderfluid,51.72.49.9,Zhongbao,,9/29/2023,18,8,A,24
763,Birdie,Tyzack,btyzackl6@shareasale.com,Female,169.205.203.228,Mpraeso,,7/21/2024,11,2,A,23
764,Jarret,Dobney,jdobneyl7@mapquest.com,Male,53.81.106.200,Portelinha,,2/9/2024,3,8,A,34
765,Myrtle,Trevna,mtrevnal8@themeforest.net,Female,223.35.88.213,Bradford,,6/14/2024,1,4,B,23
766,Lyle,Baford,lbafordl9@thetimes.co.uk,Male,68.52.114.177,Xujiahe,,4/6/2024,7,4,A,33
767,Lea,Reyson,lreysonla@mayoclinic.com,Genderfluid,230.7.111.70,Kitahiroshima,,9/17/2023,10,4,A,24
768,Ignace,Bartzen,ibartzenlb@netscape.com,Male,13.243.102.241,Tanahgrogot,,5/2/2024,3,1,B,27
769,Maud,Sanham,msanhamlc@dmoz.org,Female,130.228.5.109,Virolahti,,8/15/2024,3,8,A,18
770,Margi,Marling,mmarlingld@sciencedirect.com,Female,118.168.132.55,Capela,,7/4/2024,2,4,A,25
771,Jodi,Wolfers,jwolfersle@taobao.com,Male,66.229.76.181,Naples,,6/5/2024,1,3,B,41
772,Corbie,Stanluck,cstanlucklf@sciencedirect.com,Male,172.109.178.110,Ashtarak,,8/16/2024,7,9,A,35
773,Berke,Ruddoch,bruddochlg@goodreads.com,Male,146.245.122.118,Göteborg,,12/15/2023,11,6,A,36
774,Pauly,Greder,pgrederlh@google.de,Female,144.254.196.107,Yangambi,,10/21/2023,4,6,B,25
775,Rodolphe,Deavall,rdeavallli@nationalgeographic.com,Male,70.192.35.150,Valada,,5/7/2024,18,6,A,32
776,Arlana,Raulstone,araulstonelj@cloudflare.com,Genderfluid,69.222.207.234,Cibalung,,11/19/2023,9,9,B,32
777,Adelaida,Muschette,amuschettelk@sina.com.cn,Female,59.30.86.79,Buk,,10/17/2023,13,5,A,23
778,Celia,Snookes,csnookesll@nifty.com,Female,45.197.203.14,Mersam,,9/10/2023,6,9,B,33
779,Diarmid,Cullington,dcullingtonlm@hud.gov,Male,140.123.116.110,Borjomi,,7/27/2024,5,4,B,32
780,Byrom,Collyear,bcollyearln@stanford.edu,Male,96.229.249.76,Tungawan,,11/23/2023,6,7,B,30
781,Sarge,Frangleton,sfrangletonlo@elpais.com,Male,119.244.228.108,Arraial do Cabo,,8/9/2024,11,11,A,33
782,Hubie,Skuce,hskucelp@gravatar.com,Male,134.9.95.158,Pedroso,,3/13/2024,14,7,A,24
783,Nannette,Gregoriou,ngregorioulq@histats.com,Genderqueer,8.102.35.169,Plottier,,2/5/2024,10,1,A,27
784,Petronia,Astman,pastmanlr@si.edu,Female,53.205.242.138,Khorlovo,,2/13/2024,10,5,A,36
785,Clerc,Turtle,cturtlels@nps.gov,Male,160.45.13.213,Krueng Luak,,12/7/2023,1,4,B,38
786,Brandise,Whitney,bwhitneylt@cargocollective.com,Female,152.181.84.163,Valuyki,,2/4/2024,5,5,A,30
787,Idette,MacHarg,imacharglu@sakura.ne.jp,Female,134.61.185.12,Shiraz,,6/5/2024,7,1,B,37
788,Sid,Krammer,skrammerlv@jiathis.com,Male,167.147.48.126,Repelón,,11/4/2023,6,1,A,41
789,Caritta,Basso,cbassolw@nytimes.com,Female,27.52.3.43,Baolong,,8/27/2023,9,8,A,34
790,Micky,Dorin,mdorinlx@msu.edu,Female,229.11.112.110,Zhangatas,,7/25/2024,5,5,B,35
791,Anjela,Cutmere,acutmerely@timesonline.co.uk,Female,191.4.30.57,Huangzhawan,,9/20/2023,9,4,A,35
792,Phil,Yetts,pyettslz@yandex.ru,Female,158.54.98.86,Champerico,,3/31/2024,13,5,A,27
793,Gillian,Triebner,gtriebnerm0@google.co.jp,Non-binary,148.40.175.76,Joaquín Suárez,,7/17/2024,9,4,B,26
794,Kaleb,Colleer,kcolleerm1@boston.com,Male,205.42.208.249,Jiepai,,9/30/2023,12,2,A,32
795,Lida,Smyley,lsmyleym2@ebay.co.uk,Female,157.52.1.109,João Pinheiro,,4/1/2024,6,4,B,19
796,Silvan,Dallicoat,sdallicoatm3@a8.net,Male,113.233.0.170,Sant Julià de Lòria,,3/31/2024,7,6,A,36
797,Lindy,De Bischop,ldebischopm4@marketwatch.com,Male,141.29.95.16,Shengli,,10/28/2023,13,10,A,37
798,Justino,Iacovacci,jiacovaccim5@live.com,Male,18.137.148.38,Lampitak,,7/22/2024,1,4,A,29
799,Georas,Castagneto,gcastagnetom6@accuweather.com,Male,177.253.47.20,Cheongpyeong,,3/31/2024,4,5,B,27
800,Husein,Stiegars,hstiegarsm7@time.com,Male,143.174.240.73,Bakalang,,4/16/2024,8,6,B,30
801,Merrill,Riby,mribym8@fda.gov,Bigender,59.34.153.0,Vacha,,12/17/2023,3,7,B,27
802,Lida,Purkess,lpurkessm9@stanford.edu,Female,229.158.173.77,Ucuncha,,9/14/2023,3,5,B,27
803,Nanni,Remmer,nremmerma@china.com.cn,Female,85.230.205.40,Ouanaminthe,,10/26/2023,3,5,B,16
804,Hamid,Antwis,hantwismb@dailymotion.com,Male,2.148.105.38,Quzi,,8/4/2024,10,7,A,29
805,Dickie,Buckley,dbuckleymc@slashdot.org,Male,228.124.244.122,Chaviña,,1/31/2024,8,8,A,29
806,Dimitry,Potes,dpotesmd@pen.io,Male,53.100.41.216,Hamburg,,1/29/2024,6,6,B,35
807,Kristi,Marquis,kmarquisme@digg.com,Female,128.220.10.116,Sheki,,10/12/2023,5,12,A,30
808,Cecilia,Broadfoot,cbroadfootmf@pbs.org,Female,168.215.164.29,Karlstad,,11/3/2023,2,7,A,26
809,Myca,Engelmann,mengelmannmg@about.com,Male,108.64.246.62,Yuqunweng,,1/21/2024,5,4,B,25
810,Wilden,Lace,wlacemh@about.com,Male,119.201.141.76,Thị Trấn Yên Cát,,8/9/2024,13,6,A,32
811,Nicolai,Bellwood,nbellwoodmi@answers.com,Male,17.7.226.50,Hegarmanah,,8/11/2024,6,6,A,34
812,Vicky,McCuthais,vmccuthaismj@ted.com,Female,39.8.65.44,Bacong,,7/30/2024,4,8,B,30
813,Von,Smiz,vsmizmk@sogou.com,Male,207.137.83.75,Molepolole,,8/1/2024,6,8,A,27
814,Amory,Doswell,adoswellml@webnode.com,Male,17.168.247.233,Okakarara,,6/8/2024,1,6,A,28
815,Logan,Uttermare,luttermaremm@google.pl,Male,18.13.138.72,Alivéri,,10/2/2023,11,4,A,32
816,Cyrus,Basten,cbastenmn@intel.com,Male,159.94.34.182,Maroantsetra,,12/22/2023,10,1,B,32
817,Ambros,Farenden,afarendenmo@prlog.org,Male,216.47.193.72,Sagaing,,6/27/2024,4,4,B,28
818,Keefe,Di Biaggi,kdibiaggimp@webnode.com,Male,54.143.104.85,Beixiaoying,,6/4/2024,1,6,A,34
819,Burty,Casini,bcasinimq@forbes.com,Male,25.219.88.110,Bairro Assunção Piedade,,11/7/2023,1,7,A,23
820,Micky,Carine,mcarinemr@cnn.com,Male,244.137.90.84,Naguilian,,9/20/2023,1,10,A,36
821,Shelton,Phair,sphairms@ocn.ne.jp,Male,63.242.254.183,Zemlyansk,,2/6/2024,10,8,B,33
822,Cesare,Duggon,cduggonmt@4shared.com,Male,97.6.48.145,Tauranga,,9/28/2023,7,8,A,28
823,Virge,Barber,vbarbermu@soundcloud.com,Genderfluid,6.243.158.86,Wailebe,,2/26/2024,1,5,B,32
824,Aurilia,Kinny,akinnymv@surveymonkey.com,Female,83.138.219.140,Caohe,,8/10/2024,9,6,A,33
825,Stephan,Jorry,sjorrymw@i2i.jp,Male,237.98.214.183,Pinghu,,10/28/2023,1,6,B,32
826,Emily,Whistlecraft,ewhistlecraftmx@eepurl.com,Female,36.69.241.242,Honolulu,,1/9/2024,11,4,A,24
827,Mathian,Videneev,mvideneevmy@com.com,Male,218.250.205.180,Yushan,,6/13/2024,11,6,A,33
828,Camella,Arnoud,carnoudmz@msu.edu,Female,42.103.246.61,Ojrzeń,,5/3/2024,6,4,A,31
829,Doralynn,Ledrun,dledrunn0@gravatar.com,Agender,157.189.125.209,Dokshytsy,,8/17/2024,13,4,A,32
830,Davis,Spinas,dspinasn1@ocn.ne.jp,Male,176.220.9.120,Fontaínhas,,9/8/2023,10,6,A,16
831,Reid,Viollet,rviolletn2@wikispaces.com,Male,22.110.241.77,Xianyan,,11/1/2023,1,6,B,31
832,Peg,Capnerhurst,pcapnerhurstn3@over-blog.com,Female,91.100.1.135,Bromma,,2/16/2024,8,5,B,24
833,Astrix,Aldersley,aaldersleyn4@jimdo.com,Female,186.161.1.205,Paris 08,,4/2/2024,15,5,A,39
834,Onofredo,Pincott,opincottn5@csmonitor.com,Male,209.90.97.26,Fandriana,,10/6/2023,2,4,A,39
835,Tedman,Jehaes,tjehaesn6@whitehouse.gov,Male,59.113.93.163,Plataran,,11/5/2023,3,6,B,28
836,Guido,Kose,gkosen7@cocolog-nifty.com,Male,240.11.167.151,Larochette,,5/25/2024,2,2,B,22
837,Britta,De Few,bdefewn8@bandcamp.com,Female,78.247.220.138,Ichuña,,6/15/2024,18,5,A,43
838,Dasha,Grime,dgrimen9@globo.com,Female,55.104.201.67,Kelasuri,,9/16/2023,5,2,A,28
839,Kirbee,Schaffler,kschafflerna@instagram.com,Female,249.6.202.35,Bajram Curri,,3/5/2024,5,5,A,29
840,Hildagard,McLukie,hmclukienb@seesaa.net,Female,38.181.162.244,Çlirim,,2/28/2024,6,1,A,39
841,Florance,Gidman,fgidmannc@tamu.edu,Female,135.244.143.109,Longtanhe,,10/5/2023,1,6,A,25
842,Broddy,Laviste,blavistend@pbs.org,Male,125.144.150.130,Gävle,,5/23/2024,3,7,B,35
843,Florie,Lucio,flucione@huffingtonpost.com,Female,173.27.137.172,Oji River,,9/19/2023,7,9,A,30
844,Melodee,Conlon,mconlonnf@shutterfly.com,Female,141.44.94.20,Guéret,,10/21/2023,2,4,B,23
845,Justus,Ilott,jilottng@omniture.com,Male,59.67.132.23,Dzaoudzi,,9/25/2023,4,5,B,30
846,Janetta,Turbefield,jturbefieldnh@tiny.cc,Female,35.191.96.158,Centralniy,,5/31/2024,1,7,B,27
847,Drew,Diament,ddiamentni@sina.com.cn,Male,99.86.176.115,Youngstown,,3/8/2024,19,6,A,27
848,Mildred,Bernath,mbernathnj@example.com,Female,60.48.155.107,Banjar Pedawa,,7/21/2024,9,5,B,34
849,Felicdad,Rubinsaft,frubinsaftnk@marriott.com,Female,56.65.111.65,Kučevo,,8/14/2024,9,7,B,36
850,Clem,Revening,creveningnl@nps.gov,Male,232.4.2.176,Banī Ḩassān,,9/11/2023,3,9,A,18
851,Tamra,Caulliere,tcaullierenm@reddit.com,Genderfluid,79.49.33.203,Boketu,,3/23/2024,8,6,B,35
852,Anselma,Rourke,arourkenn@google.com.hk,Female,55.129.203.41,Banyutengah,,12/26/2023,11,9,A,39
853,Janella,Gudahy,jgudahyno@harvard.edu,Female,32.124.141.66,Zongluzui,,11/14/2023,2,2,B,28
854,Oberon,Sarll,osarllnp@free.fr,Male,18.112.46.77,Nanbin,,12/15/2023,12,7,A,18
855,Harlen,Whitchurch,hwhitchurchnq@list-manage.com,Male,156.235.103.140,Okpo,,8/17/2024,7,4,B,23
856,Pattie,Abbys,pabbysnr@webmd.com,Male,182.58.192.145,Lens,,9/15/2023,12,6,A,25
857,Andy,Plaide,aplaidens@disqus.com,Agender,181.152.187.47,Ugep,,2/12/2024,10,4,B,24
858,Dario,Oliver,dolivernt@indiatimes.com,Male,34.82.100.171,Heby,,10/12/2023,7,9,A,38
859,Sander,Jickells,sjickellsnu@java.com,Male,241.150.238.152,Stockholm,,8/21/2024,2,6,B,25
860,Nikola,Hegges,nheggesnv@sfgate.com,Male,63.206.184.68,Nerchinsk,,4/29/2024,6,2,B,28
861,Elvira,Cockram,ecockramnw@shinystat.com,Female,78.103.204.71,Suvorov,,1/11/2024,1,11,B,35
862,Jeddy,Crevagh,jcrevaghnx@economist.com,Male,205.156.82.190,Itapicuru,,3/9/2024,22,8,A,30
863,Martino,Schoffel,mschoffelny@statcounter.com,Male,16.182.31.27,Touzao,,9/19/2023,18,6,A,26
864,Dinnie,Van Bruggen,dvanbruggennz@php.net,Female,180.72.243.182,Dongbei,,1/18/2024,4,3,A,26
865,Cassie,Wadelin,cwadelino0@aboutads.info,Female,170.3.196.171,Yuquan,,12/5/2023,10,8,A,33
866,Cary,Standrin,cstandrino1@economist.com,Male,151.3.213.119,Nianpan,,10/19/2023,11,9,A,28
867,Kennan,Amott,kamotto2@dagondesign.com,Male,77.16.99.129,Pinhal General,,5/5/2024,4,6,B,21
868,Lorenza,Roostan,lroostano3@vkontakte.ru,Female,27.161.211.201,Široki Brijeg,,8/6/2024,11,3,B,18
869,Claudio,Owen,coweno4@yahoo.co.jp,Male,21.19.121.7,Kiloloran,,1/13/2024,4,11,B,33
870,Karoline,Freyn,kfreyno5@yale.edu,Female,216.71.179.129,Obrera,,11/25/2023,5,5,A,30
871,Parnell,Raddenbury,praddenburyo6@dailymotion.com,Male,18.226.163.245,Umm Şalāl ‘Alī,,10/2/2023,1,7,B,30
872,Em,McPike,emcpikeo7@discovery.com,Agender,242.234.25.84,Kebunkelapa,,8/28/2023,7,6,B,27
873,Bevan,MacLennan,bmaclennano8@house.gov,Male,41.67.150.185,Tapan,,5/30/2024,8,5,B,31
874,Heath,Genny,hgennyo9@desdev.cn,Male,16.234.1.175,Lunenburg,,12/1/2023,6,6,B,30
875,Sidney,Howley,showleyoa@live.com,Male,39.49.128.198,Fenlu,,6/4/2024,3,1,B,24
876,Remington,Crookall,rcrookallob@domainmarket.com,Male,98.236.82.35,New Washington,,9/16/2023,6,1,B,27
877,Dalli,Pietrowski,dpietrowskioc@harvard.edu,Male,48.229.159.32,Tamorot,,4/5/2024,4,6,B,24
878,Reagen,Passie,rpassieod@xing.com,Male,154.62.176.58,Huicungo,,12/13/2023,3,5,B,26
879,Mano,Randall,mrandalloe@jalbum.net,Male,59.179.178.105,Ban Na,,7/14/2024,11,3,A,34
880,Barnie,Sier,bsierof@hatena.ne.jp,Male,217.97.70.103,Sosnovka,,3/13/2024,4,2,B,23
881,Shandy,Rutley,srutleyog@blogspot.com,Female,23.61.91.189,Auas,,8/15/2024,2,4,B,39
882,Lilllie,McCanny,lmccannyoh@sphinn.com,Genderqueer,52.120.139.215,Przewóz,,3/20/2024,10,7,B,34
883,Hettie,Scoles,hscolesoi@berkeley.edu,Female,178.35.62.252,Svislach,,8/25/2023,9,10,A,33
884,Vivien,Shawyer,vshawyeroj@mysql.com,Female,94.104.46.249,Jiancheng,,6/15/2024,8,7,A,25
885,Beatrisa,Funnell,bfunnellok@amazon.com,Polygender,12.224.119.130,Buenos Aires,,6/10/2024,4,3,B,25
886,Wood,Silman,wsilmanol@360.cn,Polygender,82.135.108.215,Mulhouse,,1/29/2024,1,8,A,27
887,Rea,Nockalls,rnockallsom@i2i.jp,Agender,232.190.99.220,San Diego,,7/9/2024,1,7,A,31
888,Amalia,Blaxton,ablaxtonon@vkontakte.ru,Female,58.86.134.206,Nanganga,,3/2/2024,16,8,A,31
889,Auberon,Adamiak,aadamiakoo@instagram.com,Male,149.221.240.131,Kotabaru Hilir,,5/1/2024,5,4,A,32
890,Bill,Paulley,bpaulleyop@nyu.edu,Female,112.178.122.78,Nanling,,1/1/2024,7,9,A,32
891,Pepi,Seson,psesonoq@acquirethisname.com,Female,30.253.171.5,Wuluhan,,12/10/2023,12,7,A,21
892,Peirce,Plumb,pplumbor@t-online.de,Male,124.229.167.93,Changping,,12/12/2023,4,4,A,40
893,Kimmie,Hamshar,khamsharos@surveymonkey.com,Female,173.185.248.217,Granada,,4/16/2024,7,6,A,27
894,Selle,Anshell,sanshellot@opensource.org,Female,100.160.219.175,Weru,,11/9/2023,7,6,B,29
895,Elaina,Menhenitt,emenhenittou@huffingtonpost.com,Female,9.215.202.116,Chyhyryn,,11/24/2023,4,6,A,26
896,Dalt,Talton,dtaltonov@virginia.edu,Male,111.196.91.194,Aoji-ri,,8/29/2023,6,3,A,30
897,Ulick,Pantone,upantoneow@hc360.com,Non-binary,92.51.100.232,Saverne,,12/24/2023,13,4,B,26
898,Sammy,Fairfoot,sfairfootox@csmonitor.com,Male,36.172.225.71,Greenwood,,7/14/2024,14,5,A,26
899,Bevan,Cumpton,bcumptonoy@google.com,Genderqueer,53.149.27.28,Datun,,3/24/2024,2,4,B,33
900,Karalee,Gammons,kgammonsoz@plala.or.jp,Female,206.139.124.195,Sairam,,5/31/2024,13,11,A,30
901,Danni,Proudlove,dproudlovep0@bbb.org,Female,212.190.188.175,Wonocolo,,7/1/2024,15,7,A,43
902,Hube,Wyley,hwyleyp1@sciencedirect.com,Male,101.125.102.161,Centro Habana,,12/20/2023,8,6,B,23
903,Olwen,Swaite,oswaitep2@typepad.com,Female,104.190.48.142,Shiraz,,8/14/2024,6,5,A,28
904,Lulu,Mylchreest,lmylchreestp3@wisc.edu,Female,167.17.80.151,Yunxian Chengguanzhen,,9/25/2023,4,1,B,30
905,Chev,Dummett,cdummettp4@bravesites.com,Male,148.58.226.237,Ocoyo,,12/10/2023,13,1,A,24
906,Gavra,Pollicott,gpollicottp5@acquirethisname.com,Agender,100.94.163.174,Guachetá,,9/5/2023,10,6,A,29
907,Deanna,McGaugan,dmcgauganp6@theatlantic.com,Female,76.214.47.221,Wangbuzhuang,,1/6/2024,1,5,B,38
908,Kinny,Rowland,krowlandp7@ted.com,Male,114.129.241.193,Florida,,5/6/2024,9,8,B,37
909,Errol,Barber,ebarberp8@tripadvisor.com,Male,14.251.60.214,Rezovac,,5/31/2024,10,5,B,32
910,Josephina,Escolme,jescolmep9@google.com,Female,252.88.117.31,Zhoukoudian,,8/11/2024,9,4,A,29
911,Joli,Middis,jmiddispa@cbslocal.com,Female,133.4.242.6,Méru,,2/10/2024,2,3,B,26
912,Susy,Peaurt,speaurtpb@europa.eu,Female,137.2.148.13,Ceres,,3/6/2024,6,8,A,36
913,Tatiania,Yellowley,tyellowleypc@mashable.com,Female,177.67.58.65,Krzemieniewo,,3/11/2024,8,2,B,31
914,Shea,Sextie,ssextiepd@toplist.cz,Male,142.136.48.48,Büzmeýin,,11/17/2023,2,4,B,30
915,Georas,Paddy,gpaddype@jalbum.net,Male,162.210.96.151,Monastirákion,,4/8/2024,7,6,B,35
916,Matthiew,Mingotti,mmingottipf@twitter.com,Male,8.255.77.230,Jarada,,10/14/2023,12,5,B,27
917,Glad,Bancroft,gbancroftpg@chicagotribune.com,Female,0.17.241.68,Tebon,,6/25/2024,5,3,A,32
918,Arlette,Darrach,adarrachph@nps.gov,Female,26.102.90.23,Mouriscas,,8/23/2023,7,1,A,24
919,Felizio,Sharland,fsharlandpi@ycombinator.com,Male,174.93.28.107,Tampakan,,11/26/2023,6,4,B,31
920,Robyn,Bartels,rbartelspj@adobe.com,Female,115.188.220.221,Xinzhu,,7/9/2024,1,5,A,32
921,Sari,Nisby,snisbypk@blog.com,Female,186.85.206.129,Rouen,,11/19/2023,5,4,A,26
922,Porty,Haine,phainepl@cbslocal.com,Male,92.182.26.145,Bengga,,7/26/2024,6,8,A,33
923,Yale,Ebben,yebbenpm@aol.com,Male,114.114.160.133,Tibro,,8/8/2024,9,5,B,23
924,Rhett,Round,rroundpn@about.me,Male,86.133.71.29,Xichuan,,6/29/2024,1,5,A,34
925,Madella,Stuke,mstukepo@yolasite.com,Polygender,114.234.53.248,Diré,,10/12/2023,11,3,B,32
926,Iggy,Novotni,inovotnipp@tripadvisor.com,Male,242.91.153.130,Yanjiang,,10/1/2023,17,9,A,29
927,Prent,MacCurley,pmaccurleypq@google.de,Male,18.26.137.127,El Paso,,4/24/2024,12,7,A,33
928,Kerry,Tiernan,ktiernanpr@blogger.com,Male,174.77.58.31,Choropampa,,9/19/2023,24,1,A,33
929,Arther,Guerrin,aguerrinps@gravatar.com,Male,113.12.188.70,Tomioka,,12/18/2023,7,5,A,25
930,Krissy,Bortoloni,kbortolonipt@digg.com,Female,90.17.114.163,Hangzhou,,3/25/2024,9,7,B,30
931,Ford,Kix,fkixpu@house.gov,Male,178.233.77.207,Bakan,,8/27/2023,2,1,B,18
932,Elaine,Poff,epoffpv@ask.com,Female,28.233.216.135,Luokou,,12/13/2023,2,5,A,33
933,Cicily,Sherland,csherlandpw@tripod.com,Female,46.227.145.86,Frolovo,,11/19/2023,11,6,B,27
934,Tabbie,Hoggan,thogganpx@g.co,Female,120.171.104.248,Ruo,,12/12/2023,2,8,B,22
935,Glynis,Seger,gsegerpy@wsj.com,Female,211.186.136.224,Banjarsari,,4/21/2024,5,6,A,28
936,Fred,Blazevic,fblazevicpz@mapy.cz,Agender,183.161.142.224,Đoan Hùng,,5/23/2024,6,4,B,25
937,Nicki,Tregear,ntregearq0@cyberchimps.com,Female,182.218.244.126,Saint Aubin,,12/22/2023,2,5,B,29
938,Sully,Elves,selvesq1@google.com.hk,Male,147.205.210.30,Xingou,,3/11/2024,1,3,B,24
939,Garvin,Golagley,ggolagleyq2@privacy.gov.au,Male,147.16.127.78,Wongsorejo,,2/17/2024,3,8,B,24
940,Robin,Inchan,rinchanq3@printfriendly.com,Female,70.13.11.78,Filabusi,,5/15/2024,12,6,A,33
941,Alikee,Mangeot,amangeotq4@seattletimes.com,Female,119.39.144.12,Medveditskiy,,5/15/2024,6,1,B,28
942,Shane,Milmore,smilmoreq5@aol.com,Female,120.6.96.131,Lianghe,,9/3/2023,8,8,A,31
943,Eudora,Stower,estowerq6@drupal.org,Female,13.147.200.68,Meshcherino,,7/23/2024,9,6,A,27
944,Carlye,Leadley,cleadleyq7@soup.io,Female,170.50.146.145,Yelan’,,12/15/2023,1,4,A,30
945,Marika,Joincey,mjoinceyq8@apache.org,Female,185.63.103.197,Ejigbo,,9/26/2023,1,11,B,24
946,Hewet,Huetson,hhuetsonq9@wired.com,Male,43.67.4.105,Stockholm,,1/26/2024,4,3,B,34
947,Russ,Keener,rkeenerqa@smh.com.au,Male,236.225.93.163,Claveria,,2/3/2024,16,11,A,32
948,Hyman,Shakspeare,hshakspeareqb@indiatimes.com,Male,206.172.79.183,Dawan,,10/3/2023,9,1,B,31
949,Jefferey,Cure,jcureqc@e-recht24.de,Male,130.153.73.130,Magtangol,,7/21/2024,9,4,A,31
950,Kellie,Bullough,kbulloughqd@independent.co.uk,Female,50.77.215.169,Marxog,,2/3/2024,8,6,B,26
951,Anallise,Rohlfing,arohlfingqe@flavors.me,Female,128.107.243.153,Kasempa,,10/13/2023,15,8,A,32
952,Chrisse,Traviss,ctravissqf@1688.com,Male,17.101.29.193,Paôy Pêt,,3/31/2024,2,6,B,32
953,Roscoe,Eslie,reslieqg@pinterest.com,Male,253.242.29.50,Caculé,,12/4/2023,2,7,A,42
954,Risa,Schowenburg,rschowenburgqh@wikispaces.com,Non-binary,178.108.64.56,McKinley,,2/26/2024,1,8,A,31
955,Jamie,Wolfenden,jwolfendenqi@blogs.com,Female,131.163.3.121,Umingan,,4/22/2024,1,8,B,33
956,Ariadne,Bulfit,abulfitqj@webmd.com,Female,172.208.75.8,Mandi Bahāuddīn,,3/8/2024,2,8,A,29
957,Cassey,Brignell,cbrignellqk@phoca.cz,Female,98.92.81.140,Xekar,,3/6/2024,5,9,A,30
958,Delphine,Pomroy,dpomroyql@rambler.ru,Female,177.8.225.158,Leuburi,,8/11/2024,3,6,A,29
959,Shamus,Spires,sspiresqm@plala.or.jp,Male,221.38.49.7,Horní Bříza,,3/1/2024,5,1,B,24
960,Baillie,Coldham,bcoldhamqn@elpais.com,Male,76.45.5.87,Sar Chakān,,2/2/2024,9,2,B,33
961,Claybourne,Attrey,cattreyqo@dropbox.com,Male,22.200.222.240,Nageswari,,6/24/2024,6,5,B,27
962,Ravid,Gothard,rgothardqp@comcast.net,Male,173.141.195.22,Staryy Dobrotvir,,7/22/2024,5,6,A,37
963,Hatty,Munford,hmunfordqq@apache.org,Female,218.119.143.168,Kalilu,,6/2/2024,12,1,B,27
964,Gustavo,Edmundson,gedmundsonqr@addtoany.com,Male,46.168.192.53,Daruoyan,,1/30/2024,12,7,B,31
965,Micky,Kalinke,mkalinkeqs@dot.gov,Female,80.109.102.182,Famaillá,,5/5/2024,11,4,A,24
966,Bondon,Nuccii,bnucciiqt@weather.com,Male,136.20.174.81,Bangus Kulon,,4/30/2024,4,8,B,31
967,Reeba,Planque,rplanquequ@wufoo.com,Female,128.100.89.189,Menzel Abderhaman,,1/17/2024,7,5,B,19
968,Marietta,Meadway,mmeadwayqv@mail.ru,Female,171.29.28.163,Mukacheve,,12/30/2023,7,4,B,24
969,Adolphe,Mirando,amirandoqw@cnet.com,Male,91.135.158.99,Danilov,,6/25/2024,7,4,B,24
970,Brad,Nand,bnandqx@ning.com,Male,146.140.200.44,Xishan,,12/7/2023,4,11,A,36
971,Jorgan,Skyram,jskyramqy@edublogs.org,Male,30.86.154.173,Jindaoxia,,11/27/2023,1,8,A,24
972,Maressa,Commins,mcomminsqz@vimeo.com,Female,12.168.107.226,Dasol,,9/23/2023,5,13,A,35
973,Zacharie,Van den Velden,zvandenveldenr0@printfriendly.com,Male,149.19.16.65,Norrtälje,,5/25/2024,15,5,A,29
974,Donnamarie,Mullen,dmullenr1@noaa.gov,Female,214.39.101.9,Oranjestad,,3/13/2024,12,5,A,32
975,Zacharia,Abbes,zabbesr2@bluehost.com,Male,119.76.147.246,Sandachō,,10/24/2023,6,6,A,38
976,Jillie,Kear,jkearr3@chronoengine.com,Female,239.14.2.93,Cikole,,11/2/2023,5,3,B,24
977,Brandea,Venturoli,bventurolir4@wix.com,Female,63.2.250.13,Barbosa,,4/11/2024,3,5,A,27
978,Tonye,Noden,tnodenr5@studiopress.com,Female,139.87.25.125,Mjamaoué,,1/6/2024,1,6,A,38
979,Rivkah,Kinnett,rkinnettr6@reddit.com,Female,197.62.135.48,Oslo,,7/21/2024,9,7,B,28
980,Rupert,Garritley,rgarritleyr7@wiley.com,Genderqueer,121.106.245.57,Mirzec,,8/13/2024,11,7,A,41
981,Jasun,Eschelle,jescheller8@samsung.com,Male,216.54.238.85,Kasturi,,5/16/2024,4,3,A,31
982,Emerson,Brownsmith,ebrownsmithr9@spotify.com,Male,224.81.253.220,La Oroya,,4/6/2024,6,5,A,29
983,Audry,Cockson,acocksonra@techcrunch.com,Female,253.233.142.11,Taen Tengah,,2/23/2024,3,5,B,21
984,Erda,Jaeggi,ejaeggirb@usa.gov,Female,69.62.73.29,Issy-les-Moulineaux,,10/1/2023,2,6,A,32
985,Kath,Graeser,kgraeserrc@icio.us,Female,41.97.4.8,Galis,,10/15/2023,5,5,A,30
986,Catharine,Scoines,cscoinesrd@wisc.edu,Female,5.236.111.117,Sipocot,,4/22/2024,1,3,A,25
987,Mikkel,Arnaudet,marnaudetre@ucoz.com,Male,106.162.72.92,São Brás de Alportel,,3/6/2024,5,11,B,24
988,Clywd,Behagg,cbehaggrf@pen.io,Male,18.112.120.151,Bedalewun,,10/8/2023,5,1,B,28
989,Alisa,Halworth,ahalworthrg@drupal.org,Female,34.223.234.62,Magepanda,,9/5/2023,4,2,B,29
990,Jillie,Lanbertoni,jlanbertonirh@infoseek.co.jp,Female,228.250.152.93,Linchen,,4/14/2024,7,7,B,24
991,Gerti,Errowe,gerroweri@epa.gov,Female,149.53.121.118,Mekarsari,,10/13/2023,4,6,B,33
992,Ambros,Antonacci,aantonaccirj@nasa.gov,Agender,168.101.155.154,Dal’neye Konstantinovo,,4/8/2024,8,6,B,34
993,Morse,Gerger,mgergerrk@skype.com,Male,227.147.18.12,Doro Oo,,2/4/2024,12,3,B,31
994,Ole,Spaldin,ospaldinrl@ow.ly,Male,20.216.91.141,Oxbow,,9/24/2023,3,4,B,22
995,Chelsy,Wheaton,cwheatonrm@smugmug.com,Female,191.118.99.54,Laiguangying,,6/13/2024,11,8,A,29
996,Ailsun,Pepys,apepysrn@slashdot.org,Female,106.55.38.117,Rimpeso,,5/13/2024,11,1,A,26
997,Katrine,Blaschke,kblaschkero@usnews.com,Genderfluid,228.221.96.214,Thành phố Bạc Liêu,,8/15/2024,6,2,B,33
998,Nealon,Blincow,nblincowrp@bing.com,Genderfluid,33.120.134.167,Itaboraí,,6/8/2024,3,2,A,32
999,Blinni,Cheshire,bcheshirerq@ox.ac.uk,Female,254.26.67.249,Vienna,,6/10/2024,7,4,A,31
1000,Fletcher,Hourihane,fhourihanerr@gravatar.com,Male,155.243.14.190,Huilong,,6/27/2024,3,4,B,30
